"","Glycolysis / Gluconeogenesis","Citrate cycle (TCA cycle)","Pentose phosphate pathway","Pentose and glucuronate interconversions","Fructose and mannose metabolism","Galactose metabolism","Ascorbate and aldarate metabolism","Fatty acid biosynthesis","Fatty acid elongation","Fatty acid degradation","Steroid biosynthesis","Primary bile acid biosynthesis","Ubiquinone and other terpenoid-quinone biosynthesis","Steroid hormone biosynthesis","Arginine biosynthesis","Purine metabolism","Pyrimidine metabolism","Alanine, aspartate and glutamate metabolism","Glycine, serine and threonine metabolism","Cysteine and methionine metabolism","Valine, leucine and isoleucine degradation","Lysine degradation","Arginine and proline metabolism","Histidine metabolism","Tyrosine metabolism","Phenylalanine metabolism","Tryptophan metabolism","beta-Alanine metabolism","Taurine and hypotaurine metabolism","Glutathione metabolism","Starch and sucrose metabolism","Amino sugar and nucleotide sugar metabolism","Glycerolipid metabolism","Inositol phosphate metabolism","Glycosylphosphatidylinositol (GPI)-anchor biosynthesis","Glycerophospholipid metabolism","Arachidonic acid metabolism","Linoleic acid metabolism","alpha-Linolenic acid metabolism","Sphingolipid metabolism","Pyruvate metabolism","Propanoate metabolism","Butanoate metabolism","Pantothenate and CoA biosynthesis","Folate biosynthesis","Retinol metabolism","Aminoacyl-tRNA biosynthesis","Drug metabolism - cytochrome P450","Drug metabolism - other enzymes"
"184A1",0.023423,-0.1792,-0.068438,0.16097,0.056789,0.098487,-0.084755,0.18378,-0.15018,-0.33741,0.12215,0.045021,0.015315,0.032153,-0.081379,-0.26646,-0.23331,-0.089776,-0.058224,-0.098786,-0.16634,-0.33769,-0.076188,-0.18649,0.10493,-0.0049726,-0.12498,-0.38795,-0.32285,-0.17742,0.084983,-0.17484,-0.016106,0.079105,-0.11635,-0.089457,-0.16028,-0.1375,-0.13467,0.33143,-0.2743,-0.25188,-0.28966,0.29556,0.092869,0.18593,0.050694,0.17308,0.25248
"5637",-0.090483,-0.1341,0.025193,0.016649,-0.074381,-0.20848,-0.023335,0.14786,-0.14669,-0.31514,-0.16239,-0.057883,0.10117,0.012099,0.25755,-0.11705,-0.11033,-0.045049,-0.020573,0.028197,-0.086293,0.069762,-0.016837,-0.03468,0.058966,0.26419,0.00049581,-0.16833,-0.28485,-0.28653,-0.0059711,-0.28466,-0.18623,-0.045003,-0.061631,-0.05591,-0.067344,-0.058657,-0.053309,-0.17706,-0.042846,-0.16804,-0.24266,0.31266,0.15293,0.20386,0.1657,0.16584,0.29101
"647V",0.020047,0.14418,0.15938,-0.16906,0.10418,-0.17655,-0.16162,0.0021585,-0.029077,-0.083928,0.16718,0.1788,0.10807,-0.079923,0.062796,0.0039302,-0.03766,0.11051,0.019743,0.025528,0.15442,0.2515,0.010037,0.048905,0.017737,0.082487,-0.044339,-0.012383,-0.040392,-0.27174,0.38612,-0.18597,0.11842,0.38274,0.081681,0.060728,0.1248,0.12524,0.11815,-0.032087,0.17951,0.30714,0.3438,0.27248,0.19351,-0.13525,0.019159,0.15851,-0.31435
"769P",-0.12838,-0.13443,-0.083518,0.1257,-0.19378,0.14983,-0.067728,0.038182,-0.02203,0.022059,0.11831,0.1996,0.097514,0.053918,-0.11982,-0.12041,-0.073174,-0.014629,-0.136,-0.10487,-0.10912,-0.096234,-0.19594,-0.27347,0.13512,-0.23787,-0.39011,-0.03995,0.25135,-0.013003,-0.28914,-0.021609,0.22459,-0.39931,0.02949,0.019339,-0.0057716,0.030516,0.029833,0.16879,-0.22183,-0.073993,0.018958,-0.075719,-0.21516,0.18754,-0.16565,-0.023996,0.23892
"7860",0.11266,0.10198,-0.052542,0.11751,0.026286,0.033476,-0.16866,0.052365,0.055193,0.038186,0.15582,0.20065,0.089502,0.11884,-0.10061,-0.065468,-0.13769,0.087501,-0.084092,-0.13811,0.12278,0.029696,-0.058764,-0.29771,0.059799,-0.37474,-0.33955,0.14228,0.21396,-0.049751,0.034836,-0.049032,-0.17928,-0.068539,-0.038122,-0.04022,-0.080901,-0.029112,-0.026184,-0.22492,0.10846,0.21895,0.53264,0.067426,0.032369,0.21889,-0.25689,0.15247,-0.033126
"977",0.1119,-0.068207,0.087014,-0.10901,0.064672,-0.031964,0.16869,0.061435,-0.099527,-0.21969,0.14622,0.056744,-0.16476,-0.035306,0.21153,-0.036322,-0.025667,0.002,0.058524,0.098674,-0.0030959,0.020764,0.030441,0.20037,-0.020813,0.35714,0.22749,-0.00031436,-0.22645,-0.12532,0.12224,-0.054939,-0.16667,0.11545,-0.091872,-0.068483,-0.035007,-0.040726,-0.038787,-0.043123,0.093725,-0.18722,-0.29744,0.29335,0.3495,-0.12136,0.24711,0.18362,-0.24596
"A427",0.058029,0.1461,0.21898,-0.16037,-0.083163,0.2025,0.37842,-0.026145,0.097275,0.31736,-0.03214,0.025665,-0.051812,-0.0045598,0.0046437,0.066026,0.072386,0.13179,0.14072,0.093964,0.082449,-0.012482,0.16303,0.059857,-0.21752,0.023409,0.26139,0.3694,-0.0033228,0.072654,-0.11469,0.0085114,0.13949,0.012932,0.10996,0.083221,-0.014791,0.057399,0.054467,-0.2084,0.11354,-0.12928,-0.095753,-0.36951,-0.24186,0.56738,0.053833,0.038215,-0.064909
"A498",0.1975,0.10938,0.074986,-0.07224,0.021384,-0.057309,-0.037682,-0.050696,0.018125,-0.080542,-0.047616,-0.051385,0.26301,0.015727,-0.15685,0.061363,-0.039081,-0.027223,-0.032369,-0.045315,0.075739,0.21048,-0.21595,-0.16604,0.16944,-0.21342,-0.094912,0.066785,0.12447,0.22006,0.078523,0.049981,0.23484,-0.00050224,-0.0027791,-0.001588,0.080316,0.077715,0.077146,0.074619,0.33389,0.62743,0.41506,0.11086,-0.033688,0.10789,-0.27307,-0.046108,0.087671
"A549",-0.084913,-0.086574,-0.062215,0.0012179,-0.13281,-0.30373,0.27232,-0.16208,0.13275,0.17139,0.092281,-0.017936,0.029756,-0.079495,-0.19799,0.15066,0.12921,-0.081087,-0.021937,-0.11897,-0.03526,-0.077715,-0.11089,-0.008694,0.012282,-0.087651,0.064451,0.1833,0.33462,0.32314,-0.13039,0.014678,0.20576,-0.32176,0.10415,0.082407,0.10674,0.07093,0.070299,-0.18367,-0.10055,-0.07695,0.17605,-0.21266,-0.16839,-0.051312,-0.089475,-0.050356,0.034544
"A704",0.09047,-0.2906,-0.063187,-0.11757,0.14281,0.25638,0.16075,0.036784,-0.073489,-0.10374,0.096777,0.22912,0.043497,0.01913,-0.2553,-0.038081,-0.15298,0.021702,-0.14131,-0.05481,-0.052865,-0.11785,-0.13076,-0.065515,0.082646,-0.16742,-0.24372,-0.060276,0.15483,-0.15586,0.02376,0.019648,-0.26626,0.24697,-0.097824,-0.087189,-0.13639,-0.13564,-0.13415,0.18384,-0.15511,0.092264,0.10715,-0.022718,-0.037188,0.0035281,-0.17099,-0.010744,0.081137
"ACHN",0.3081,0.33346,0.20843,-0.19547,0.23918,0.10626,0.14975,-0.32605,0.34414,0.66283,0.021236,-0.043692,-0.43287,-0.22131,0.062712,0.26047,0.23373,0.13474,0.24215,0.18374,0.31231,0.36848,0.22666,0.37047,-0.36911,0.22876,0.42565,0.57029,0.64015,0.18898,0.3311,0.20859,0.12052,0.3538,-0.038591,0.00068173,0.033003,-0.025912,-0.0279,-0.023991,0.2686,0.085846,0.075989,-0.33684,-0.026918,-0.28655,0.16448,-0.38543,-0.20831
"ASPC1",-0.22412,0.0068577,-0.23106,-0.018627,-0.080042,0.25108,0.19761,0.16297,-0.099584,-0.14187,0.1007,0.18873,0.14898,0.0046995,-0.18207,-0.030726,-0.003086,0.026561,-0.079837,-0.022969,-0.12406,-0.068805,-0.098834,-0.062372,0.24914,-0.14616,-0.18498,0.010141,-0.3336,-0.10757,-0.24119,0.021618,-0.25031,-0.13943,-0.22021,-0.15767,-0.23794,-0.21005,-0.21886,-0.2004,-0.04667,0.13239,-0.34143,0.065817,0.085683,0.090232,-0.089846,0.18809,0.041733
"BT20",-0.11407,-0.43359,0.0060355,0.080768,-0.064821,0.29338,-0.2336,0.25495,-0.23331,-0.54085,-0.1441,0.0025204,0.2974,0.080257,-0.087211,-0.27622,-0.38581,-0.21183,-0.10502,-0.04487,-0.23858,-0.4239,-0.083083,-0.25413,0.18861,0.039717,0.017314,-0.569,-0.26567,-0.24782,-0.17372,-0.29629,-0.27348,0.0022396,-0.24133,-0.19453,-0.3356,-0.3035,-0.30473,-0.11356,-0.39891,-0.20829,-0.29185,0.42301,0.25677,0.11361,0.028245,0.32153,0.31091
"BT549",-0.21582,-0.33444,-0.18812,0.095583,-0.17383,0.13404,-0.40765,0.15955,-0.12413,-0.2449,0.04193,0.07648,0.16397,0.032029,-0.022246,-0.1256,-0.1426,-0.040522,-0.053376,-0.14046,-0.089327,0.059285,-0.056734,-0.27003,0.1859,-0.17185,-0.2028,-0.30495,-0.16018,-0.22397,-0.22785,-0.15363,-0.12024,-0.1711,0.030301,-0.001601,-0.018419,0.0087782,0.0060106,0.16088,-0.35588,0.19926,0.2453,0.21881,-0.30631,0.19558,-0.083579,0.17432,0.26835
"BTFC905",0.24904,0.31549,0.2788,-0.18925,0.20415,-0.1256,0.096892,-0.046451,0.066874,0.19303,0.23391,0.14112,-0.21579,-0.027495,0.21154,0.1691,0.1409,0.2065,0.13969,0.11652,0.23801,0.095736,0.12356,0.27581,-0.18945,0.34925,0.23959,0.17828,-0.048463,-0.12911,0.44355,-0.011801,-0.025678,0.6075,0.14829,0.1199,0.14999,0.13054,0.13187,0.2524,0.4494,0.27966,0.42957,-0.22232,0.00075775,0.018264,0.2147,-0.061373,-0.11559
"BXPC3",0.0096097,0.25878,0.17918,-0.18863,0.086297,0.051983,0.33942,-0.081021,-0.045249,-0.037844,0.028878,-0.10762,-0.24604,-0.066781,0.25532,0.16181,0.092812,0.014581,0.043314,0.12014,0.087163,-0.055378,0.04826,0.22731,-0.24705,0.31066,0.29995,0.024986,-0.36295,0.087124,-0.01691,0.0099195,-0.0074877,0.019367,-0.038079,-0.011673,-0.057176,-0.025999,-0.024727,0.28702,0.1442,0.072085,-0.16511,-0.14034,0.032484,0.068866,0.22215,-0.057292,-0.40193
"CAKI1",-0.091295,0.26939,-0.22878,-0.068141,-0.11023,0.10466,0.030115,-0.12687,0.033824,0.1305,-0.084718,0.038962,-0.18056,-0.10899,-0.033085,0.11014,0.063774,0.20224,-0.029277,-0.01867,0.11145,0.11039,0.088324,0.11466,-0.26153,-0.10533,-0.14831,-0.056844,0.33735,0.0043525,-0.12004,0.27204,0.17617,-0.39571,0.086572,0.074703,0.079561,0.077565,0.080732,-0.084991,0.065089,0.40982,0.40187,-0.15326,0.018784,0.16392,-0.14978,-0.11136,-0.19935
"CAL51",0.17001,-0.0068688,0.094957,-0.039159,0.075917,-0.028344,0.32092,0.024396,0.00014267,0.064099,0.017447,0.11052,0.087448,-0.048833,-0.17243,-0.016858,0.070123,0.040403,0.055549,0.082257,-0.046927,-0.10152,-0.14833,-0.029842,0.019296,-0.049986,0.022128,-0.084258,-0.38594,-0.044,0.28134,0.044967,0.047988,0.37705,0.059046,0.023244,-0.0018952,0.044581,0.03458,-0.072584,-0.088707,0.063112,0.1194,-0.172,0.029196,0.063205,-0.030919,-0.092824,0.028288
"CALU1",-0.030879,-0.087558,-0.064384,0.076296,0.045765,0.058256,-0.038078,0.17677,-0.1133,-0.34355,0.0019148,0.13005,0.21866,0.058407,0.017409,-0.13701,-0.22195,-0.003478,-0.046369,0.0059239,-0.11975,-0.065352,0.0044966,-0.21942,0.15424,-0.049057,-0.17938,-0.061545,0.025028,-0.32991,0.00044058,-0.11421,-0.070656,0.12104,-0.12737,-0.10351,-0.15039,-0.12605,-0.12624,-0.23447,-0.10064,-0.15265,-0.15296,0.32058,0.22656,0.058673,-0.029838,0.19059,0.017907
"CALU3",0.14148,0.49364,0.083923,-0.23554,0.062045,0.43468,0.24287,-0.3528,0.25546,0.52871,-0.0056212,-0.075911,-0.31172,-0.25894,0.48953,0.32667,0.23872,0.36234,0.22632,0.31724,0.39194,0.53152,0.25874,0.61627,-0.49376,0.37503,0.30265,0.58176,-0.18405,0.22647,-0.099743,0.39772,0.12176,0.10579,0.0080287,0.034355,0.1527,0.038866,0.040033,-0.13331,0.4802,0.45799,0.31218,-0.51093,0.05257,-0.28455,0.25686,-0.54945,-0.14197
"CALU6",-0.17712,-0.099461,-0.19073,0.058075,-0.19787,0.015925,-0.16381,0.1099,-0.13307,-0.20031,0.23369,0.35347,-0.020252,0.095817,0.028949,-0.0083523,0.11202,0.043155,0.0019437,-0.021977,-0.11257,-0.09531,0.045562,-0.052165,0.11182,-0.031181,-0.081926,0.032322,-0.22556,-0.20128,-0.16598,-0.12273,-0.34703,-0.21995,-0.12441,-0.11238,-0.15354,-0.13041,-0.13003,-0.0022411,-0.12548,-0.24115,-0.13159,-0.076905,-0.1637,0.17174,0.017517,0.060404,0.24624
"CCRFCEM",-0.2016,-0.26132,-0.35654,0.22208,-0.24713,-0.10237,-0.51929,0.23921,-0.19086,-0.12168,0.070138,0.092564,0.54711,0.14997,-0.37013,-0.13095,-0.18327,-0.41259,-0.36567,-0.43112,-0.24638,-0.17686,-0.27446,-0.50451,0.43467,-0.4818,-0.45252,-0.76404,-0.34657,-0.4596,-0.34184,-0.51188,0.059195,-0.46466,0.023364,0.026547,0.035008,0.064304,0.067882,0.19643,-0.33167,-0.23556,-0.27097,0.19207,-0.43958,-0.10989,-0.42117,0.13638,-0.093673
"CHAGOK1",0.098715,0.079566,0.022411,-0.064504,0.052981,-0.062655,0.23705,-0.05562,0.028365,0.096236,0.13791,0.030883,-0.27721,-0.10917,0.16595,0.16884,0.10315,-0.0010037,0.064928,0.16659,0.044131,-0.24547,0.034807,0.10874,-0.17601,0.3761,0.43331,-0.0026945,-0.33601,0.2901,0.05914,0.084402,-0.070982,-0.0014955,0.084676,0.054446,0.1425,0.10905,0.11198,0.038946,0.029482,-0.24873,-0.073762,0.047434,0.082126,-0.16629,0.22892,-0.10032,-0.019116
"COLO205",-0.15884,-0.085638,-0.030184,0.16093,-0.11975,0.1396,0.035944,0.01287,-0.062275,-0.070968,-0.33768,-0.1866,0.080076,-0.095394,-0.12587,-0.040594,-0.11523,-0.16452,-0.18796,-0.18897,-0.11403,0.13573,-0.1091,-0.28743,0.20521,-0.083646,-0.20023,-0.052711,0.21352,-0.081603,-0.26635,-0.27149,0.31065,-0.31403,-0.033383,0.0021723,-0.084259,-0.094409,-0.094272,-0.23277,-0.066763,-0.11509,-0.030789,0.097892,-0.099654,-0.019275,-0.094351,0.13317,0.19128
"CORL23",0.20788,0.42902,0.57195,-0.32492,0.19477,-0.14147,0.48473,-0.10923,0.082882,0.1394,0.040288,-0.085657,-0.17678,-0.1524,0.3247,0.23886,0.16961,0.28904,0.20492,0.21968,0.24626,0.6237,0.28393,0.2929,-0.37882,0.18501,0.33236,0.24926,0.16069,0.14198,0.3414,0.20861,-0.24587,0.46949,0.0048529,0.0032305,0.084877,0.031632,0.026457,-0.05909,0.45994,0.60521,0.5,-0.084306,0.11236,-0.20408,0.14946,-0.053675,-0.11448
"CORL279",-0.26998,-0.22398,-0.24927,0.1305,-0.15915,-0.074865,-0.076504,0.041637,-0.1363,-0.099742,0.014147,0.24894,-0.27897,-0.031656,-0.087345,0.017393,0.041881,-0.026701,-0.028218,-0.033865,-0.026887,0.26851,0.034024,-0.014016,-0.092745,-0.080523,-0.094282,0.0036018,-0.047421,-0.22238,-0.16194,-0.084344,-0.039684,-0.15701,0.027476,0.025912,0.044717,0.016298,0.023959,0.26014,-0.23249,0.087474,-0.013308,-0.13329,-0.31625,-0.4515,0.02036,-0.3952,0.12466
"CORL88A",0.12773,0.16384,0.18291,-0.18712,0.15813,-0.20494,0.15044,-0.22989,0.21533,0.4071,-0.18554,-0.21,-0.052293,-0.15746,0.063642,0.18865,0.2263,0.12715,0.15505,0.13655,0.21773,0.22741,0.070946,0.3995,-0.25824,0.18838,0.1494,0.28039,0.24045,0.21731,0.33877,0.27656,0.083884,0.36594,0.069766,0.067216,0.074378,0.038144,0.028606,-0.25669,0.1494,0.22744,0.28532,-0.30811,0.055876,-0.22172,0.052809,-0.37395,-0.41678
"DMS114",0.023902,0.04088,-0.070253,-0.028067,0.040475,-0.091892,-0.15877,-0.19526,0.19746,0.25936,0.22089,0.12196,-0.014241,-0.090509,0.098673,0.18566,0.20548,0.12468,0.15422,0.091778,0.13709,0.24305,0.20841,0.28341,-0.081225,-0.066769,0.20498,0.23115,-0.15032,0.12025,0.025185,-0.0013972,0.26618,0.25145,0.0053399,0.0078031,0.033087,0.00083269,0.0028956,0.051922,-0.005737,0.13239,0.56037,-0.025491,-0.2146,0.033818,0.056555,-0.19219,-0.06435
"DMS53",0.011793,0.056769,-0.056271,-0.031626,0.023927,-0.138,-0.0966,-0.073283,0.026569,0.058492,0.16401,-0.0038017,-0.28116,-0.061278,0.23022,0.10842,0.10358,0.10497,0.23469,0.13771,0.18069,0.25965,0.19615,0.21682,-0.16198,0.048306,0.26097,0.18966,-0.06705,0.11858,-0.027616,0.14316,-0.29307,0.083082,0.091527,0.056512,0.13208,0.091605,0.091506,0.25029,0.0010084,0.20916,0.39397,-0.056956,-0.19486,-0.52491,0.19667,-0.074531,-0.22682
"DU145",-0.087237,-0.057785,-0.086541,0.068059,-0.10331,-0.046036,-0.043399,0.032162,0.010055,0.030968,-0.02964,-0.060153,0.1437,-0.0041125,-0.08777,-0.072229,-0.042625,-0.089358,-0.064388,-0.095843,-0.15273,-0.12577,-0.0064968,-0.16148,0.16093,-0.19424,-0.1436,0.040083,0.2495,0.17761,-0.13462,-0.018073,-0.19698,-0.30051,-0.1462,-0.11766,-0.1476,-0.14305,-0.14101,-0.25342,0.024473,-0.19913,-0.20516,0.13107,0.19939,0.076516,-0.19448,0.18108,0.12147
"DU4475",-0.25999,-0.29447,-0.36493,0.40189,-0.26463,-0.023303,-0.44318,0.12361,-0.084226,0.061865,0.11111,0.16214,-0.2597,0.14156,-0.35429,-0.14776,-0.031174,-0.11106,-0.21093,-0.30676,-0.037267,-0.39062,-0.18494,0.23299,0.11561,-0.12131,-0.25687,-0.039855,0.014349,-0.1306,-0.32532,0.17756,0.36518,-0.38441,0.11738,0.12578,0.16562,0.12529,0.13446,0.23948,-0.31827,-0.15388,-0.36929,-0.66179,-0.73163,0.16718,-0.056866,-0.19886,0.47595
"EBC1",0.0064911,0.25628,0.27803,-0.097893,0.11265,0.035881,0.23329,-0.088037,0.063373,-0.014187,-0.073377,-0.23862,0.21545,-0.04871,0.055182,0.050764,0.2018,0.0075521,0.066627,0.086422,0.042854,0.2985,-0.019044,-0.082837,-0.11626,-0.020376,-0.039628,0.23336,0.076426,0.16019,0.20371,0.19845,-0.22206,0.20917,-0.11903,-0.082038,-0.10065,-0.13111,-0.13041,-0.055071,0.29,0.25995,-0.063058,-0.072175,-0.09286,-0.26738,-0.012098,-0.156,0.12162
"EKVX",0.20257,0.15003,0.28326,-0.17523,0.065803,-0.053189,0.21338,-0.21385,0.19564,0.24591,-0.12351,-0.098141,-0.23581,-0.069799,0.11008,0.090599,0.1243,0.085288,0.14033,0.1444,0.14025,-0.048568,0.084384,0.25574,-0.31138,0.20775,0.26426,0.23044,0.11148,0.16198,0.32154,0.21203,-0.11332,0.4206,0.070467,0.039479,0.077196,0.042047,0.041198,-0.19547,0.20371,0.019991,0.25601,0.14473,0.24539,-0.26255,0.14246,-0.10254,-0.17937
"EPLC272H",-0.036956,0.18252,0.10012,0.16468,-0.016912,-0.015936,-0.18414,0.085845,-0.11201,-0.3073,-0.13112,-0.064351,-0.036439,0.047379,0.30985,-0.13392,-0.12357,0.11021,0.11832,0.026081,0.0042154,0.13519,0.08308,0.0040656,-0.13757,0.14256,0.010515,-0.087093,-0.34885,-0.16459,0.0092241,-0.086274,-0.024676,-0.064798,0.015689,0.01292,-0.014168,-0.011237,-0.01048,-0.10348,0.15053,0.17163,0.29427,0.26566,0.15254,-0.0064624,0.12803,0.12064,-0.14696
"HARA",0.19082,0.28944,0.33596,-0.24637,0.14387,-0.14235,0.32234,-0.13797,0.11306,0.24282,5.9816e-05,-0.098761,-0.25633,-0.19415,0.26447,0.16565,0.1319,0.112,0.18293,0.19463,0.19271,0.15223,0.13153,0.29982,-0.20745,0.3383,0.38093,0.23464,0.16298,0.16795,0.19305,0.31448,0.023044,0.16159,0.10538,0.096742,0.18077,0.13924,0.13632,-0.10121,0.26798,0.20094,0.0084431,-0.15549,0.10977,-0.25284,0.2093,-0.16142,-0.24897
"HCC1143",-0.21849,-0.46272,-0.46964,0.23579,-0.19533,-0.045397,-0.22545,0.2772,-0.18709,-0.38376,0.28771,0.3062,0.28917,0.17763,-0.19836,-0.36522,-0.33595,-0.18283,-0.21663,-0.21128,-0.24812,-0.26756,-0.1484,-0.28506,0.35183,-0.19008,-0.31485,-0.26493,-0.10374,-0.30267,-0.28603,-0.28097,-0.048402,-0.30893,-0.1941,-0.15778,-0.25436,-0.22913,-0.22699,-0.048739,-0.33317,-0.26626,-0.43136,0.17005,0.083712,0.33355,-0.17625,0.13562,0.29476
"HCC1187",-0.19501,0.028095,-0.22283,0.055731,-0.081687,0.11217,0.053555,0.11471,-0.10718,-0.13054,-0.078874,-0.097633,-0.18176,-0.071305,0.26946,-0.0093102,0.034625,0.1256,0.15322,0.1565,-0.006828,0.044825,0.097219,0.36584,-0.066932,0.06956,0.021243,0.062989,0.10509,-0.036648,-0.24623,-0.0698,0.12448,-0.25545,-0.06145,-0.040281,0.0060633,-0.022336,-0.024548,0.04549,-0.061329,-0.049853,-0.12891,0.029561,0.301,-0.22602,0.15814,0.096785,-0.070205
"HCC1395",0.21894,0.18619,0.22594,-0.22626,0.21244,0.010886,0.20838,-0.2432,0.13507,0.19249,0.23024,-0.030668,-0.3569,-0.13387,0.16687,0.16908,0.14307,0.071891,0.18782,0.14829,0.13047,0.15703,0.099024,0.24469,-0.2409,0.24791,0.44602,0.3255,0.49944,0.34,0.23509,-0.03467,0.17543,0.16001,0.15443,0.12348,0.26767,0.21683,0.21698,0.2172,0.31856,-0.0074114,0.18415,-0.26115,-0.095896,-0.29737,0.14683,-0.34763,-0.25769
"HCC15",-0.25699,-0.20384,-0.31377,0.088636,-0.16792,0.019496,0.05892,-0.075973,0.090258,0.14666,0.00084661,-0.016175,-0.043492,-0.0061065,-0.21924,0.08301,0.16423,-0.22056,-0.055436,-0.046737,0.0039184,-0.15581,-0.1409,0.096386,0.071107,-0.0076512,0.017709,0.07499,0.61846,0.35973,-0.37561,-0.10796,-0.30307,-0.55279,0.020831,-0.00033,0.035554,0.014711,0.016463,-0.18731,-0.13437,-0.30826,-0.1811,-0.13868,-0.040619,-0.11272,-0.0085087,0.045033,-0.18649
"HCC1806",0.1133,0.12589,0.18227,-0.19056,0.072584,-0.11285,0.29781,-0.17069,0.16135,0.20913,0.056697,0.033141,-0.16489,-0.10281,0.16956,0.12793,0.08571,0.0082149,0.12596,0.12068,0.076351,0.048957,0.08824,0.13419,-0.1454,0.15326,0.26654,0.22523,0.20542,0.36488,0.00056384,0.10104,-0.18906,-0.063941,0.018729,0.010131,0.0085993,-0.012956,-0.018861,-0.087528,0.2811,-0.14969,-0.097026,-0.089802,0.021668,-0.07255,0.13293,-0.13014,-0.35652
"HCC1937",0.11077,0.22655,0.15589,-0.1416,0.097004,0.099015,0.053031,-0.036513,-0.022504,-0.059947,0.063765,0.087694,0.026633,-0.074267,0.22909,-0.0042858,0.035828,0.1264,0.16616,0.14969,0.037694,0.11499,0.045342,0.15418,-0.080525,0.15223,0.2566,0.054225,-0.074047,0.12315,0.080435,0.12622,-0.21434,0.185,-0.041334,-0.02696,0.017859,-0.017189,-0.021393,0.08541,0.21846,0.10714,0.16532,0.022638,0.19391,-0.35483,0.10369,0.0049157,-0.12773
"HCC38",0.068308,-0.075826,0.069275,-0.037884,0.020494,-0.095497,0.070919,0.1376,-0.07648,-0.15256,-0.13622,-0.056429,0.19151,0.050515,0.067118,-0.0081267,0.036436,-0.067969,0.0070708,0.013541,-0.047473,-0.1244,-0.00052227,0.074621,0.143,0.018021,-0.05048,-0.046712,0.4996,-0.098617,0.088374,-0.096083,-0.034222,0.033572,0.0017614,0.0031603,-0.034773,-0.01922,-0.022973,0.062737,-0.00079419,-0.10076,-0.046556,0.069125,-0.12471,0.19075,0.049433,0.081356,-0.10009
"HCC70",0.24227,0.17808,0.31001,-0.22764,0.22958,-0.0040648,0.24672,-0.043487,-0.011081,0.041741,-0.20525,-0.0015426,0.12031,-0.042751,-0.092215,0.051073,0.06872,0.0098268,0.030736,0.15291,0.012356,0.097671,-0.12543,-0.046272,-0.0037216,0.0015203,-0.026128,-0.068944,-0.11516,0.15604,0.38977,0.090144,-0.26035,0.23963,0.062402,0.027986,0.090332,0.08949,0.088898,-0.11952,0.24136,0.27951,0.31746,-0.028027,0.012056,-0.35803,-0.020688,-0.21559,0.066276
"HCT116",-0.10296,0.26177,-0.072863,-0.05483,-0.19911,-0.30621,-0.050547,-0.27184,0.20187,0.39583,0.028064,-0.21776,-0.26761,-0.099742,0.20826,0.11791,0.13631,0.13181,0.13623,0.07036,0.20176,0.24137,0.30188,0.36573,-0.28491,0.23489,0.39105,0.25799,0.020463,0.32077,-0.090983,0.00074842,0.082436,-0.18103,0.12996,0.10574,0.12669,0.072407,0.0727,-0.089944,0.099738,0.047868,0.10239,-0.25349,-0.056286,0.034671,0.14133,-0.24956,-0.16742
"HCT15",0.21127,0.19069,0.20231,-0.10147,0.26637,-0.18898,-0.043398,-0.15229,0.12858,0.1657,-0.040456,-0.14714,-0.21203,-0.10182,0.3483,0.15428,0.11021,0.23089,0.24793,0.31552,0.23431,0.43386,0.30365,0.20416,-0.32573,0.25854,0.25293,0.41092,0.31578,-0.12617,0.38184,0.14036,0.13016,0.50384,0.076775,0.066487,0.10998,0.073537,0.072514,-0.15717,0.2616,0.3719,0.53941,-0.11719,0.20932,-0.07352,0.20133,-0.21916,-0.083955
"HDQP1",-0.037252,-0.048821,-0.21859,0.033663,-0.04341,-0.05684,-0.040838,0.011653,0.049169,0.16588,0.18057,0.10075,-0.20924,-0.00051517,0.15125,-0.13553,-0.060226,0.021098,0.031398,0.10072,0.0085318,-0.095606,0.08242,0.04963,-0.038123,0.22627,0.12329,-0.060237,-0.22665,-0.15847,-0.01186,0.090995,-0.053782,-0.13056,-0.14348,-0.093268,-0.15029,-0.14283,-0.14458,0.15982,-0.15639,-0.22714,-0.098606,0.11694,0.038192,-0.1435,0.16032,0.04842,0.018509
"HL60",-0.14744,-0.1856,-0.14442,-0.0024597,-0.12455,0.09668,0.34786,0.12597,-0.10916,0.056183,0.27656,0.29513,0.037719,0.084458,-0.23933,0.019385,-0.084696,-0.18171,-0.18707,-0.18135,-0.111,-0.0083252,-0.11512,-0.23878,0.073342,-0.19105,-0.15863,-0.31538,-0.085583,-0.089264,-0.18273,0.033664,0.33138,-0.20603,0.21407,0.17891,0.22685,0.22178,0.22361,-0.01092,-0.15983,-0.10689,-0.31872,-0.074597,-0.056927,0.022534,-0.15539,0.11116,0.15678
"HOP62",-0.044799,-0.33868,-0.16844,0.076908,-0.03474,-0.0066972,-0.090834,0.1558,-0.15301,-0.46172,-0.17856,-0.026368,0.23486,0.094765,-0.13272,-0.19794,-0.17577,-0.18205,-0.12131,-0.11946,-0.24418,-0.26984,-0.10143,-0.23787,0.24727,-0.040288,-0.16917,-0.24652,-0.07184,0.020782,-0.041501,-0.1415,-0.036862,-0.12096,-0.15681,-0.12306,-0.24824,-0.17975,-0.17895,-0.0041436,-0.22016,-0.31107,-0.44852,0.47266,0.11304,0.15237,-0.042863,0.25396,0.15042
"HOP92",0.033347,0.10673,-0.12945,-0.091384,0.067996,-0.097003,0.16583,-0.015248,0.20569,0.61289,-0.12839,0.071285,0.0080083,-0.01651,-0.11245,0.041637,0.058899,0.21347,0.033318,0.074397,0.1014,-0.2232,0.093372,0.12085,0.16629,0.11725,0.15797,0.061577,-0.082769,-0.024473,0.13216,0.70789,-0.18879,0.24888,0.066961,0.044757,0.10082,0.10314,0.093852,-0.060869,-0.19619,-0.21507,-0.047264,-0.38659,-0.23272,-0.24927,0.11258,-0.018604,-0.33333
"HPAC",0.15856,0.48876,0.097903,-0.30488,0.15961,0.047872,0.42833,-0.34046,0.29102,0.51869,0.16802,-0.01364,-0.38128,-0.15136,0.27545,0.30698,0.27989,0.30035,0.19579,0.23895,0.35915,0.24694,0.17653,0.56673,-0.30221,0.19812,0.32318,0.4434,-0.079831,0.23383,0.18813,0.31746,0.077267,0.31998,0.10198,0.10172,0.15191,0.085417,0.086673,-0.058999,0.35229,0.15191,0.43684,-0.42241,-0.086987,-0.51434,0.20372,-0.34589,-0.11732
"HS578T",-0.16883,-0.18139,-0.33518,0.10876,-0.13928,0.1758,-0.19367,0.2035,-0.14095,-0.32222,0.088601,0.20808,-0.05619,0.067527,0.22141,-0.13087,-0.12357,0.041069,-0.040259,-0.059131,-0.061542,0.14154,0.12794,-0.23491,0.085744,0.035453,-0.043979,-0.16671,-0.167,-0.32694,-0.29301,-0.22934,-0.28991,-0.35377,-0.086646,-0.095983,-0.11072,-0.10754,-0.099999,-0.076075,-0.31801,-0.13012,0.02165,0.41492,0.1926,-0.32884,0.03591,0.29575,0.22114
"HT1197",0.042151,0.17905,-0.13308,-0.021288,0.085764,0.21821,-0.21901,-0.12248,0.022693,0.10685,0.42448,0.28648,-0.35457,-0.14596,0.1207,0.16721,0.11899,0.11494,0.10664,0.166,0.25264,-0.12994,0.0092487,0.25321,-0.30409,0.1358,0.17468,0.16269,-0.19875,0.11043,0.099893,-0.0079167,-0.16242,0.00063612,0.1978,0.13672,0.24063,0.17006,0.17368,0.15714,0.26361,0.34429,-0.14287,-0.24317,-0.032264,-0.093245,0.14096,-0.13373,-0.14961
"HT1376",0.10964,0.053395,0.41957,-0.13735,0.056149,-0.02172,-0.0075647,-0.17249,0.032547,0.12987,0.13681,0.02144,-0.24861,-0.077897,0.20038,0.16954,0.13421,0.028757,0.13297,0.09204,0.11188,0.24544,-0.065763,0.08384,-0.29853,0.25682,0.18892,0.097172,-0.12302,0.19108,0.11812,0.043699,-0.28948,0.072361,0.21115,0.15098,0.14153,0.16253,0.15359,-0.23478,0.28149,0.1801,0.15013,-0.23188,-0.052877,-0.017198,0.1581,-0.18736,-0.096111
"HT29",0.15749,0.18333,0.31822,-0.26652,0.10888,-0.23593,0.32997,-0.21734,0.25775,0.49829,0.18389,0.077192,-0.04917,-0.1069,-0.032421,0.17105,0.084625,0.054362,0.080291,0.081637,0.15917,0.026727,-0.05108,0.11745,-0.227,0.0049736,0.011152,0.18778,0.22636,0.14334,0.16998,0.15798,0.10508,0.25491,0.16586,0.14109,0.19026,0.14522,0.13782,0.086663,0.32847,0.088644,0.33904,-0.18859,-0.11212,-0.13457,-0.017475,-0.31973,-0.29886
"HX147",-0.16898,-0.082788,-0.12385,0.064727,-0.13903,-0.14253,0.15205,0.040266,0.057753,0.149,0.089317,-0.022337,0.33464,0.078129,0.048606,-0.10647,-0.089449,0.068141,-0.077206,-0.065613,-0.15982,-0.15034,0.071182,-0.29387,0.26756,-0.43429,-0.21018,-0.090485,-0.35782,-0.20468,-0.1396,0.10614,-0.10544,-0.12747,-0.080593,-0.064612,-0.016216,0.014767,0.015478,0.27493,-0.27932,-0.22019,-0.28076,0.13566,-0.13054,0.026505,-0.22998,0.059615,-0.011067
"IGROV1",0.21876,0.26682,0.26492,-0.15596,0.17226,-0.088722,0.16288,-0.1678,0.14908,0.075751,-0.10943,-0.19431,0.15465,-0.10144,0.28009,0.1262,0.098501,0.14497,0.13128,0.14774,0.096894,0.24755,0.13423,0.13904,-0.094651,-0.059588,0.063249,0.31037,0.055611,0.089877,0.16006,0.099376,0.26959,0.3139,0.040704,0.049546,0.12405,0.093218,0.092609,0.091741,0.33468,0.27603,0.25618,-0.19031,-0.11654,-0.34424,0.032425,-0.018208,-0.22925
"J82",-0.033527,-0.06467,-0.043266,0.081381,-0.036333,0.006761,-0.061116,0.081784,-0.03219,-0.10389,0.08381,0.26355,0.1924,-0.0090385,-0.040157,-0.10283,-0.048012,-0.010638,-0.045561,-0.11361,-0.072114,-0.15881,-0.064504,-0.2725,0.22681,-0.094407,-0.074616,0.029279,-0.22984,-0.15751,-0.12391,-0.27343,0.283,-0.13351,-0.029549,-0.016867,-0.06305,-0.027678,-0.027407,-0.057328,0.046849,-0.10842,-0.0020906,0.076487,-0.070546,0.07847,-0.08228,-0.09212,0.29984
"K562",0.043423,-0.20908,-0.099022,0.31698,-0.01104,-0.15388,-0.11679,0.069738,-0.10988,0.021179,-0.22213,-0.23893,-0.097586,0.13198,-0.22019,-0.019849,0.056903,0.0036693,-0.080156,-0.10408,-0.054429,-0.039959,-0.18884,-0.14512,0.10933,-0.15661,-0.36668,-0.19193,0.0903,-0.17762,0.0077884,-0.11305,0.43352,0.073751,0.02201,0.038813,0.026772,0.028764,0.036673,-0.0047908,-0.17113,0.025197,-0.11644,-0.32947,-0.79285,0.35741,-0.09497,-0.09881,0.33641
"KM12",0.10881,0.36144,0.08833,-0.11314,0.089795,-0.054216,0.18319,-0.2556,0.30061,0.49102,-0.016635,0.012457,-0.27041,-0.17925,0.19684,0.17498,0.18513,0.15254,0.15219,0.11583,0.20303,0.20904,0.14217,0.18245,-0.25157,0.16937,0.36812,0.47579,0.35505,0.31948,0.077561,0.26081,0.2567,0.11105,0.14996,0.13361,0.21327,0.17096,0.16877,-0.046941,0.24632,0.018506,0.33376,-0.18786,0.033937,-0.27931,0.10166,-0.20493,-0.30645
"KNS62",0.13182,-0.074986,0.061902,-0.095928,-0.041378,0.001915,0.37289,0.048976,-0.078011,-0.18331,0.2105,0.06865,-0.089396,0.024343,-0.046915,-0.11626,-0.01542,-0.097625,-0.02672,0.031979,-0.10639,-0.34941,-0.073221,-0.032932,0.050507,0.16969,0.095313,-0.086052,-0.18878,0.13565,0.11717,-0.05253,-0.12623,0.011701,-0.14751,-0.10447,-0.12838,-0.11501,-0.11083,-0.068001,-0.092808,-0.29546,-0.40778,0.27219,0.17728,0.18477,0.13231,0.25811,0.32441
"KP4",-0.018515,0.046118,0.019711,0.16204,-0.040068,-0.21862,-0.12072,-0.097578,0.070868,0.12381,-0.25138,-0.25602,-0.05385,0.096788,-0.01351,0.14069,0.1438,0.077554,0.08906,-0.016279,0.01467,0.067254,0.019563,-0.0083288,-0.096671,-0.042916,0.033301,0.25339,0.38179,0.023447,0.12132,-0.095834,0.42852,0.13796,0.028991,0.049118,0.04746,0.064145,0.062216,0.094462,0.077384,6.8478e-06,-0.19526,-0.11602,-0.32972,0.065129,0.012521,-0.16168,-0.0951
"KU1919",-0.082115,-0.13408,-0.14327,0.13846,0.042779,-0.072252,-0.24907,0.07857,-0.042002,-0.053819,0.11317,0.11028,-0.19262,-0.014764,-0.031927,-0.056918,-0.087722,-0.051143,-0.035868,-0.044784,0.0070082,-0.10484,0.023334,0.10528,0.020445,-0.0026387,0.0023335,-0.24774,-0.017416,-0.21197,0.071654,-0.26868,-0.024575,0.1254,0.065025,0.041116,0.12517,0.10034,0.10348,0.05682,-0.31366,-0.12517,0.075118,0.2746,0.30955,-0.02207,0.066443,0.10948,0.0012273
"LK2",-0.18182,-0.1469,-0.24339,0.060455,-0.144,-0.22241,-0.016999,0.049668,-0.074874,-0.18049,-0.031857,-0.10803,-0.051306,-0.017723,-0.083195,0.0035295,0.050569,0.0085553,0.051666,0.014526,-0.0012541,0.10351,-0.0018532,0.21463,-0.042051,0.0056913,-0.17887,-0.084354,0.2722,0.099721,-0.14704,-0.24697,-0.052071,-0.38099,0.10785,0.070386,0.10693,0.10566,0.10315,0.10416,-0.18267,-0.13876,-0.051308,0.10274,0.19647,-0.0016525,-0.0040947,0.11265,0.0046376
"LOXIMVI",0.13091,0.060328,0.3509,-0.069558,0.095521,-0.052176,0.16496,0.066348,-0.037794,-0.11787,-0.19942,-0.052384,0.18402,-0.027883,0.07155,0.016849,-0.0087636,0.028992,0.007757,0.059253,0.0030024,0.19386,0.11274,-0.10832,0.099309,-0.024512,0.014968,-0.015624,0.1481,0.00097582,0.21899,-0.12064,0.18625,0.21433,-0.043658,-0.027459,-0.10296,-0.073393,-0.07423,-0.14021,0.037751,0.05719,-0.012234,0.15777,0.082129,-0.0086447,-0.00062648,0.052182,-0.011393
"LUDLU1",0.077743,-0.2358,0.072299,0.084012,0.098792,-0.092793,0.0072913,-0.0044948,-0.081253,-0.18204,-0.10276,0.082776,-0.035628,0.10667,-0.18773,-0.15693,-0.1375,-0.23839,-0.10047,-0.13353,-0.15825,-0.25867,-0.2006,-0.15338,0.16019,-0.028874,-0.18525,-0.14939,0.056245,0.094407,0.13505,-0.031557,-0.002676,-0.016965,0.14172,0.096832,0.11719,0.14321,0.1461,0.19215,-0.037876,-0.28658,-0.052568,0.068643,-0.077405,0.013345,-0.021008,-0.1196,0.25808
"M14",0.033942,0.054871,0.10171,0.044648,-0.021298,-0.14508,-0.018639,0.0073151,0.01997,-0.055097,-0.20157,-0.052482,0.1392,0.23407,0.10649,0.096465,0.088802,0.065912,0.073386,0.057939,0.046269,-0.045071,0.053335,0.015111,-0.1434,0.056041,0.028023,0.0074903,0.2116,0.1359,0.0083678,-0.079812,0.0043984,-0.071854,0.06437,0.041238,0.0070532,0.058214,0.057523,-0.063228,0.077434,0.2033,0.28954,-0.039064,-0.018582,0.42201,0.039777,0.069603,0.063983
"MALME3M",0.069672,-0.1143,-0.037437,0.20644,0.048344,-0.09193,-0.1683,0.039437,-0.079192,-0.061723,0.014594,0.06055,-0.020422,0.10552,-0.060281,-0.14115,-0.13868,-0.11611,-0.074159,-0.11415,-0.083133,-0.060892,-0.11411,-0.2304,0.1127,0.030152,-0.16676,-0.07341,-0.13666,-0.11005,0.025206,-0.080946,0.10304,-0.12096,0.033112,0.026028,0.0051394,0.023904,0.030165,-0.024681,-0.086958,-0.26136,-0.042047,-0.15036,-0.13932,0.14538,0.031969,-0.059247,0.14046
"MCF7",0.070948,0.29912,0.29901,-0.14254,0.037698,-0.18473,0.0031952,-0.039345,0.1133,0.31818,-0.027004,-0.086075,-0.074408,-0.072932,0.33373,0.055944,0.038273,0.095279,0.19364,0.098872,0.23534,0.22748,0.11537,0.060475,-0.20624,0.28314,0.33224,0.17945,0.041996,0.05249,0.084113,0.061396,-0.13201,0.13423,0.19276,0.12182,0.16076,0.17175,0.16502,0.018738,0.25763,0.15271,0.33611,-0.15879,-0.14664,0.081719,0.16713,-0.077932,-0.1769
"MDAMB157",-0.13313,-0.37149,-0.40702,0.2362,-0.10704,-0.070226,-0.32276,0.21023,-0.13669,-0.2377,-0.28441,-0.084483,0.44111,0.19498,-0.26195,-0.33791,-0.38349,-0.21714,-0.27916,-0.26246,-0.21423,-0.38755,-0.15529,-0.49998,0.30516,-0.38841,-0.38903,-0.21681,-0.1348,-0.49436,-0.11018,-0.18884,-0.093159,-0.12364,-0.094457,-0.074936,-0.1213,-0.090776,-0.088497,0.15542,-0.33327,-0.13199,-0.04938,0.38126,0.11762,0.17313,-0.35912,0.42137,0.30394
"MDAMB231",-0.04014,-0.070777,0.044404,0.062151,-0.091973,-0.14783,-0.11901,0.1328,-0.13066,-0.31245,-0.25775,-0.046579,0.23554,0.072587,0.09198,-0.12351,-0.015917,-0.05954,-0.068981,-0.12723,-0.11326,0.057663,0.072379,-0.16588,0.11177,-0.048966,-0.16552,-0.15353,-0.092278,-0.2809,-0.049037,-0.10479,0.07937,0.017876,-0.16519,-0.12307,-0.19629,-0.17003,-0.16877,0.043301,-0.059892,-0.033497,-0.036038,0.23516,-0.012751,0.058284,-0.035462,0.2262,0.015712
"MDAMB435S",0.106,0.29816,0.25134,-0.11233,0.10869,0.061169,0.051018,0.0040451,-0.028859,-0.062362,-0.18754,0.065187,0.053067,0.017582,0.091594,0.091468,0.051101,0.16413,0.10028,0.15106,0.061322,0.18677,0.084263,-0.076696,-0.09468,-0.11412,-0.14153,0.089033,-0.16815,0.0026587,0.21137,0.039945,-0.30319,0.12074,-0.10013,-0.091883,-0.086351,-0.09985,-0.097956,-0.1753,0.1603,0.30751,0.18341,-0.071286,0.3232,-0.24026,-0.035223,0.0006663,-0.11237
"MDAMB436",-0.26021,-0.22839,-0.42403,0.26404,-0.19753,0.00141,-0.42844,0.097533,-0.08622,-0.04777,-0.10226,-0.028962,-0.038735,0.0043391,0.050721,-0.093317,-0.11323,0.0063406,-0.054087,-0.021474,-0.078898,-0.041115,-0.010121,-0.13776,0.22996,-0.020163,0.07882,-0.12287,-0.25418,-0.25465,-0.25727,-0.062678,-0.17144,-0.28712,0.037221,0.0053873,-0.051296,-0.031249,-0.025093,-0.025897,-0.33167,-0.16151,-0.19547,-0.02153,-0.29332,0.21827,0.055037,0.043566,-0.018139
"MDAMB468",0.36552,0.40969,0.19116,-0.18953,0.24197,0.12735,0.043242,-0.010523,0.070284,0.2362,-0.29258,-0.125,0.027711,-0.072046,-0.0039136,0.19667,0.17416,0.20486,0.072097,0.090182,0.27705,0.072621,0.017743,0.084615,-0.058496,0.089665,0.077029,0.14445,-0.37626,0.11707,0.4052,0.17071,0.1127,0.5432,0.12335,0.087892,0.20322,0.1674,0.16137,0.042985,0.25464,0.46718,0.23988,-0.30162,-0.075682,-0.2146,-0.013615,0.087828,0.1807
"MGHU3",-0.068096,-0.052141,-0.14979,0.053334,-0.1089,-0.016469,-0.11112,0.10691,-0.0068823,0.013028,-0.057583,-0.013336,0.13439,0.11748,-0.12134,-0.13194,-0.15391,-0.047605,-0.043314,-0.041666,-0.15182,-0.15067,0.065143,-0.24688,0.1902,-0.10877,-0.082942,0.11775,-0.26956,-0.26168,-0.14168,-0.1584,-0.13188,-0.078075,-0.06385,-0.056873,-0.12074,-0.083915,-0.080905,0.14227,-0.2076,-0.25152,-0.20178,0.13747,0.091404,0.12437,-0.088571,0.12668,0.019679
"MIAPACA2",0.019561,0.19355,0.093835,-0.13102,0.0028331,-0.027747,0.24016,-0.20277,0.253,0.41179,-0.023177,-0.078488,-0.043235,-0.12158,0.15921,0.16459,0.092478,0.053613,0.13012,0.11242,0.08354,0.0901,0.19102,0.10064,-0.13388,0.12283,0.31253,0.42549,-0.13764,0.19095,-0.046178,0.08812,-0.010067,0.0035073,0.053191,0.039939,0.092296,0.051717,0.056457,0.11432,0.15512,-0.13208,0.016797,-0.16735,0.12367,-0.45661,0.11295,-0.076801,-0.30744
"MOLT4",-0.14685,-0.21629,-0.36201,0.32768,-0.19242,0.029361,-0.58094,0.097089,-0.1091,-0.0064294,-0.0040588,-0.076584,0.24411,0.039152,-0.14068,-0.029841,-0.007432,-0.11223,-0.12233,-0.1333,0.044659,0.035126,-0.064924,-0.26958,0.25547,-0.15365,-0.33096,-0.24596,-0.0091644,-0.29229,-0.3442,-0.36274,0.27518,-0.37179,0.022193,0.02781,0.064488,0.079882,0.085181,0.19189,-0.25336,-0.1736,-0.099793,-0.27974,-0.54608,0.0060033,-0.11829,0.048243,0.16178
"NCIH1048",-0.33642,-0.3207,-0.2883,0.18094,-0.19756,-0.26521,-0.3604,0.16418,-0.16774,-0.30731,-0.20674,-0.066744,0.011744,0.08138,0.0057059,-0.098119,-0.064295,-0.094224,0.0071225,-0.035859,-0.22031,-0.022818,-0.020126,-0.091694,0.091923,-0.029715,-0.1341,-0.25045,-0.1355,-0.19037,-0.15565,-0.28959,-0.18905,-0.37072,-0.11448,-0.10638,-0.097103,-0.055501,-0.061968,0.12134,-0.43799,-0.33684,-0.29853,0.19243,0.18497,0.076548,0.048229,-0.018087,0.15515
"NCIH1155",-0.36455,-0.36942,-0.54299,0.51664,-0.30438,-0.017717,-0.87226,0.21633,-0.16587,-0.20121,0.31631,0.36399,-0.038522,0.14912,-0.27219,-0.2172,-0.061271,-0.19605,-0.17539,-0.21437,-0.17783,-0.13812,-0.15112,-0.43138,0.17191,-0.2027,-0.39459,-0.29793,-0.29108,-0.32945,-0.47257,-0.72805,0.018603,-0.53011,-0.065475,-0.046825,-0.12501,-0.099729,-0.094639,0.20494,-0.38118,-0.20473,-0.11149,0.13799,-0.16331,0.26438,-0.17152,0.26811,0.54304
"NCIH1299",0.078651,0.22289,-0.035708,-0.049016,0.031385,-0.17269,-0.025209,-0.10574,0.12778,0.19989,0.072436,-0.033415,-0.096123,-0.0994,0.062111,0.14847,0.16148,0.18572,0.14415,0.10237,0.11244,0.012192,0.11224,0.087265,-0.087634,0.073225,0.096227,0.24725,0.076274,0.16238,0.12613,0.12402,0.0053486,0.09283,-0.093018,-0.065761,-0.024218,-0.068972,-0.068783,0.041084,0.058403,-0.0425,0.014196,-0.10723,-0.049871,-0.27212,0.062596,-0.043415,-0.1878
"NCIH1395",0.22219,0.21447,0.47054,-0.35031,0.13128,-0.24931,0.69917,-0.37907,0.351,0.72854,0.33247,0.13796,-0.28819,-0.17454,0.14781,0.32022,0.22414,0.26324,0.12551,0.22797,0.48936,0.70792,0.24962,0.65455,-0.53077,0.30954,0.41549,0.35611,0.57523,0.24899,0.48521,0.59117,0.23912,0.2856,0.13393,0.13193,0.30004,0.19336,0.18857,-0.053019,0.030235,0.45688,0.46622,-0.46972,-0.45467,-0.31124,0.1518,-0.5311,-0.1973
"NCIH1437",0.034103,0.34467,0.053313,-0.27798,0.04956,-0.1367,0.27611,-0.16766,0.19684,0.44898,0.34877,0.14518,-0.47851,-0.099032,0.13868,0.2248,0.30742,0.1255,0.16782,0.23512,0.22773,0.14261,0.11406,0.32833,-0.3339,0.27914,0.35474,0.40863,0.33495,0.25498,0.16218,0.23771,0.31324,-0.060587,0.15996,0.14196,0.212,0.1596,0.1592,-0.1108,0.1725,0.0033645,0.51008,-0.31014,-0.061062,-0.063532,0.24874,-0.32917,-0.36896
"NCIH146",-0.070165,-0.018391,-0.23984,0.22495,0.018872,-0.18513,-0.17681,-0.028388,-0.055955,0.00046792,0.092362,-0.030963,-0.1488,0.041828,0.042205,0.012055,0.066258,0.081874,0.031199,-0.048305,-0.017112,0.066312,0.040062,0.13088,-0.049378,-0.18409,-0.10758,0.069456,0.23418,-0.014271,0.089602,-0.079358,0.1214,-0.00033057,0.018752,0.018637,0.035043,0.039395,0.044269,0.32961,-0.16441,0.12222,-0.0011725,-0.55059,-0.4761,0.2409,0.028454,-0.12404,0.47127
"NCIH1563",-0.083153,-0.4567,0.05301,0.0079046,0.036085,0.22288,0.095671,0.19785,-0.12923,-0.23178,0.015387,0.1033,0.21665,0.1209,-0.4815,-0.32149,-0.36006,-0.36342,-0.31472,-0.3544,-0.24807,-0.55304,-0.43878,-0.4392,0.20567,-0.32982,-0.25515,-0.45518,-0.053503,-0.15435,0.061994,-0.19288,0.2301,-0.047087,-0.09686,-0.082035,-0.15148,-0.104,-0.10686,-0.042238,-0.38885,-0.22625,-0.35763,0.37517,0.27699,0.17718,-0.38235,0.1749,0.16637
"NCIH1650",-0.02082,-0.04365,0.17404,-0.23729,0.097638,0.047428,0.0044608,0.033048,-0.077525,-0.19548,-0.0062636,0.061915,0.025396,0.017759,0.12558,0.023839,-0.047528,0.07148,0.069117,0.13458,0.059981,0.052321,0.048363,-0.035019,-0.10376,0.074118,0.019673,-0.18305,-0.36364,-0.21259,0.21531,-0.03636,-0.15714,0.32517,0.12606,0.071429,0.14699,0.13387,0.12968,0.21639,0.20022,0.20842,0.32838,0.098817,0.01529,-0.093342,0.063623,-0.014476,-0.049322
"NCIH1651",-0.22905,-0.084556,-0.16312,0.064216,-0.11926,-0.071518,0.12822,0.051518,-0.043256,-0.17309,0.023016,-0.052587,0.17836,0.11957,-0.12816,-0.14432,-0.048109,-0.13756,-0.11726,-0.11364,-0.15814,-0.17336,-0.24068,-0.3219,0.19262,-0.16377,-0.072637,-0.1851,0.081148,0.30992,-0.21553,-0.15001,-0.024906,-0.42207,-0.19686,-0.14824,-0.18714,-0.13741,-0.13623,-0.20805,-0.11502,-0.17693,-0.17164,0.25246,-0.0002216,0.28511,-0.16778,-0.11736,0.15529
"NCIH1666",0.25817,0.16638,0.20442,-0.12938,0.089056,0.018759,0.16665,-0.067369,-0.041101,-0.026631,0.0042828,-0.014096,-0.10646,-0.073089,0.078353,0.023589,0.012726,0.1653,0.081206,0.086628,0.085273,0.17372,0.085906,0.27143,-0.26726,0.27876,0.18106,-0.0093274,-0.13534,0.023815,0.16298,0.1047,-0.03806,0.22863,0.16212,0.12518,0.18613,0.1396,0.14154,0.032539,0.077017,0.042508,0.20878,-0.18303,0.053156,-0.088336,0.14394,-0.0032575,0.027935
"NCIH1693",-0.019039,-0.18871,-0.12088,0.17882,-0.0645,-0.082512,-0.31764,0.14845,-0.085807,-0.23936,-0.11717,0.033301,0.20739,0.29408,0.015413,-0.21037,-0.12983,-0.11284,-0.087465,-0.10825,-0.092764,-0.27093,0.0056174,-0.14269,0.21997,-0.029947,-0.10107,-0.098797,-0.22303,-0.15273,0.076432,-0.10682,-0.077202,0.034496,-0.1188,-0.10382,-0.22022,-0.14384,-0.14199,-0.19429,-0.20152,-0.16508,-0.35451,0.30547,0.2671,0.49771,-0.041122,0.23446,0.065008
"NCIH1703",-0.28495,-0.42478,-0.3801,0.32183,-0.30582,-0.16712,-0.55547,0.15002,-0.10633,-0.19909,0.088124,0.051326,0.24195,0.11155,-0.30396,-0.28527,-0.22904,-0.25305,-0.16908,-0.25739,-0.29341,-0.34986,-0.070445,-0.42413,0.32862,-0.25686,-0.19105,-0.27272,-0.12705,-0.2145,-0.29855,-0.33028,-0.10092,-0.45708,-0.12408,-0.11344,-0.15243,-0.11273,-0.10618,0.078822,-0.43482,-0.4347,-0.42313,0.44957,0.16705,0.06224,-0.17675,0.35655,0.077245
"NCIH1734",-0.14102,0.083134,-0.21304,0.13272,-0.18559,0.3619,-0.23775,-0.055298,0.066019,0.17308,-0.32756,-0.057215,-0.074994,-0.098959,0.072858,0.086622,0.024574,0.012337,-0.037544,-0.097676,0.055411,0.019191,0.020985,0.034755,0.043751,-0.10353,-0.090265,0.15805,0.53239,0.15222,-0.3655,-0.12652,0.14027,-0.45337,0.11866,0.078582,0.04991,0.076045,0.077153,-0.14264,-0.015779,-0.015969,0.023853,-0.10221,0.23607,-0.003036,-0.055661,0.0881,-0.019848
"NCIH1755",0.06162,-0.15373,0.0038285,-0.028692,0.08217,0.13556,-0.12697,0.038363,-0.083645,-0.23974,0.10362,0.10417,0.13272,0.028934,-0.016619,-0.10162,-0.054312,-0.082562,-0.030553,-0.0038348,-0.062203,-0.21638,-0.13001,-0.16854,0.066578,-0.0054297,-0.037802,-0.046896,-0.048586,0.14721,0.11979,0.0935,-0.0070303,0.0097415,0.015965,0.011763,-0.0024058,0.020367,0.025561,-0.029078,-0.014485,0.0024351,-0.17317,0.075457,0.19003,0.084778,-0.026591,0.018337,0.1697
"NCIH1792",0.13833,-0.03894,0.11361,-0.067224,0.11353,-0.020637,0.16682,-0.058126,0.12085,0.18082,-0.18929,-0.23598,0.013295,-0.082135,-0.07008,0.095775,0.043412,-0.17746,0.0058549,0.022841,-0.050923,0.17271,-0.051517,0.1182,0.052558,0.030595,0.1804,-0.11746,0.27624,0.36781,0.030493,0.13853,-0.13498,-0.062941,-0.090104,-0.067195,-0.075846,-0.10383,-0.098168,-0.17489,0.16147,-0.11189,-0.081728,0.15234,-0.026327,-0.16062,-0.013622,-0.055775,-0.13724
"NCIH1793",0.21965,-0.13394,0.20996,-0.11002,0.24685,0.11935,-0.011905,0.031753,-0.049532,-0.10002,-0.21848,-0.1652,0.1282,0.018386,-0.29028,0.20935,-0.019305,-0.22132,-0.11154,-0.18605,-0.10632,-0.15916,-0.19498,-0.20134,0.16365,-0.2167,-0.19164,-0.28956,0.3349,0.22516,0.137,0.079873,0.0017474,0.22219,-0.1626,-0.10431,-0.13997,-0.13027,-0.13341,-0.35626,0.035791,0.17967,0.079795,0.032168,-0.19465,0.093502,-0.16517,0.116,-0.070337
"NCIH1838",0.10386,-0.079425,0.065467,-0.039984,0.1228,0.022558,-0.015511,0.041611,-0.032046,-0.062569,0.036309,0.19437,0.069692,-0.00083355,-0.1514,-0.090477,-0.1029,-0.077632,-0.049464,-0.11217,-0.16589,-0.087439,-0.004835,-0.16386,0.11703,-0.21361,0.023165,-0.043532,0.22337,0.069761,0.21956,0.24632,-0.01597,0.24859,-0.010418,-0.011086,0.023034,0.020905,0.021157,-0.16704,-0.016514,-0.17758,-0.15566,0.076228,0.11403,-0.11729,-0.16326,0.034442,0.029386
"NCIH1869",0.030423,-0.021841,-0.15881,-0.057122,0.078204,0.065547,-0.19456,-0.10069,-0.037044,-0.089816,0.11439,0.16246,-0.31421,-0.067248,0.25617,0.049099,0.060308,0.016648,0.083627,0.084641,0.082348,0.23019,0.03899,0.080532,-0.097506,0.28349,0.24134,-0.031044,-0.044416,0.28222,0.070311,0.087195,-0.11514,0.041592,0.17101,0.1297,0.2367,0.22019,0.21491,0.13143,0.096453,0.026421,-0.17567,-0.021576,0.12396,-0.3651,0.20676,-0.14406,-0.22252
"NCIH1975",0.097665,0.38419,0.26654,-0.25964,0.19692,-0.18199,0.40625,-0.11623,0.022078,0.12703,-0.03687,0.099277,-0.17309,-0.11136,-0.0422,0.19346,0.24834,0.17542,0.15719,0.20615,0.16343,0.17807,-0.032954,0.33593,-0.18391,0.087169,0.13542,0.093715,0.5164,0.18223,0.39696,0.3249,-0.058956,0.46348,0.032498,0.032385,0.11661,0.11337,0.10653,-0.055616,0.33044,0.23072,0.059382,-0.14348,0.0065804,-0.057085,0.087012,-0.088738,-0.29389
"NCIH1993",0.31151,0.49377,0.33112,-0.39422,0.19699,0.1784,0.30617,-0.32424,0.27791,0.53137,0.011298,-0.059075,-0.57825,-0.27362,0.30486,0.24896,0.20213,0.22741,0.23325,0.22296,0.43584,0.49111,0.2343,0.42591,-0.50315,0.36158,0.53388,0.41766,0.39766,0.22012,0.26097,0.26278,-0.11621,0.33459,0.22435,0.1698,0.3098,0.2158,0.20564,-0.11567,0.47655,0.25911,0.58313,-0.23923,0.2527,-0.5985,0.2212,-0.2283,-0.45421
"NCIH2009",-0.28806,-0.52247,-0.47648,0.24268,-0.25367,0.19747,-0.38463,0.24257,-0.1705,-0.44824,0.0092839,0.072488,0.075414,0.068144,-0.28808,-0.28975,-0.28943,-0.34081,-0.27687,-0.29072,-0.30049,-0.39802,-0.2088,-0.34657,0.29849,-0.10976,-0.16461,-0.50052,-0.05512,-0.33376,-0.39344,-0.19302,0.075171,-0.49433,-0.012595,-0.025212,-0.021847,-0.01222,-0.016438,-0.028628,-0.47364,-0.39255,-0.43245,0.59915,0.16766,0.21277,-0.16284,0.28456,0.2633
"NCIH2030",0.13455,-0.098891,0.048026,0.046414,0.028813,-0.12004,-0.10593,-0.036544,0.052933,-0.10615,0.13815,0.016747,0.0080492,-0.018357,-0.058084,-0.18714,-0.07832,-0.18228,-0.066243,-0.027574,-0.078606,-0.23291,-0.067229,-0.088906,0.037335,0.21055,-0.082637,0.0034405,-0.19362,0.22523,0.10555,-0.022017,0.25944,-0.03059,-0.13438,-0.10294,-0.18274,-0.15306,-0.15336,-0.085797,0.07021,-0.26797,-0.24674,0.28553,0.41066,0.033352,0.065904,0.093031,0.16252
"NCIH2073",0.051666,0.26595,0.10793,-0.10312,0.06839,-0.038657,0.31565,-0.14946,0.18634,0.46336,-0.16105,-0.21369,-0.086228,-0.074924,0.091749,0.038122,0.063263,0.10676,0.078271,0.14556,0.12528,0.064941,0.093427,0.35914,-0.029518,0.078344,0.13489,0.21513,0.035612,0.20755,0.17535,0.29259,-0.016745,0.12388,-0.0079696,0.012507,0.03378,0.0066229,0.0069629,-0.21405,0.13272,-0.13452,-0.18097,-0.1276,0.088966,-0.25704,0.14365,-0.14714,-0.075387
"NCIH2085",0.12491,-0.019028,0.3866,-0.077971,0.10765,0.2138,-0.11879,0.10979,-0.050078,-0.1715,0.030098,0.31615,0.38497,0.052908,0.093679,-0.087388,-0.12769,0.088886,-0.094344,-0.089109,-0.029809,-0.015212,-0.011979,-0.30802,0.15083,-0.31245,-0.19429,-0.11322,0.026818,-0.35802,0.13436,-0.13366,0.1615,0.3829,0.012383,0.0013916,-0.026394,0.0027844,-0.0016945,-0.2035,0.18232,0.32524,0.44783,0.22246,-0.11306,0.0759,-0.21588,0.11154,0.10362
"NCIH209",0.094976,-0.093301,-0.0060243,-0.16654,0.038135,-0.068838,-0.045194,-0.13472,0.059863,0.27495,0.76219,0.2997,-0.10537,-0.1823,-0.13508,0.097784,0.071518,0.052355,0.055744,0.10385,0.018612,0.062061,0.053643,0.12752,-0.10637,-0.085408,0.18015,0.10231,-0.33975,0.04376,-0.043821,0.12821,0.040294,0.12282,0.14094,0.093536,0.24116,0.18577,0.17888,0.44639,0.025743,0.003449,-0.11387,-0.30636,-0.35345,-0.60438,0.022913,-0.33002,-0.33477
"NCIH2122",0.065151,0.29499,0.063765,-0.23621,0.089755,0.13022,0.52647,-0.17663,0.11647,0.2807,-0.088116,-0.23234,-0.29969,-0.23111,0.20499,0.15756,0.12885,0.0020048,0.01678,-0.018948,0.1782,0.41857,-0.0046209,0.4574,-0.43106,0.090717,0.10871,0.20768,0.39857,0.32193,0.017646,0.35432,0.39895,-0.013322,0.19194,0.19644,0.27679,0.1812,0.17718,-0.09421,0.19547,0.39627,0.16497,-0.052331,0.20625,-0.27352,0.009107,-0.16323,-0.024976
"NCIH2126",-0.10676,-0.22982,0.23767,0.022793,-0.045836,-0.058258,0.21122,0.031498,-0.10882,-0.31933,-0.033791,0.0092882,-0.01007,0.0074548,-0.10624,-0.18798,-0.11946,-0.21447,-0.11502,-0.08097,-0.13848,-0.010588,-0.20422,-0.03271,0.019087,0.060402,0.09985,-0.22299,0.061819,0.13833,-0.064672,0.012493,-0.14754,-0.17729,-0.040422,-0.027144,-0.045292,-0.027709,-0.025157,-0.23231,-0.053951,-0.14511,-0.25465,0.36702,0.0066195,0.084741,0.037131,0.096706,0.10111
"NCIH2135",-0.11829,0.14366,-0.046202,-0.10538,-0.26746,0.50913,0.044456,0.047185,0.051569,-0.015857,-0.12924,-0.20357,-0.67591,-0.2069,0.31615,0.094395,0.15236,0.23189,0.15518,0.20296,0.34663,0.13517,0.31591,0.52715,-0.32469,0.42783,0.56332,0.099668,0.022088,0.10124,-0.44729,-0.2045,-0.46031,-0.25322,-0.026247,-0.048067,0.01971,-0.02518,-0.023992,-0.0077011,-0.014182,0.35754,-0.053073,0.11153,0.31062,-0.1373,0.35996,0.24437,-0.040351
"NCIH2170",0.19613,0.21161,0.35355,-0.16447,0.16825,-0.035452,0.17494,-0.095718,0.04146,0.16656,-0.025313,-0.1053,-0.16187,-0.069026,-0.00075233,0.036963,0.15758,0.061981,0.15905,0.12359,0.13309,0.14272,-0.04455,0.20776,-0.089018,0.10746,0.13197,0.056572,0.27628,0.21911,0.25766,0.31759,0.058828,0.26486,-0.10073,-0.048115,-0.057799,-0.06887,-0.068576,-0.10937,0.15405,0.05123,0.1354,-0.15459,0.050903,0.018786,0.12507,-0.12007,-0.005609
"NCIH2171",-0.17122,-0.15796,-0.24543,0.13946,-0.196,-0.0184,-0.27374,0.14027,-0.15465,-0.1583,0.027491,-0.052361,0.30928,0.13696,-0.26438,-0.02164,-0.051248,-0.15163,-0.14457,-0.10818,-0.12552,-0.12805,-0.19513,-0.25161,0.26923,-0.1871,-0.22982,-0.139,0.12155,-0.32718,-0.28672,-0.29709,0.11822,-0.28261,0.097794,0.070726,0.10398,0.11931,0.12068,0.34189,-0.20065,-0.043233,-0.12848,-0.2408,-0.64017,0.14684,-0.14933,0.030818,-0.11517
"NCIH2172",-0.27767,-0.53006,-0.18096,0.27579,-0.22437,0.13921,-0.24537,0.12121,-0.14313,-0.47841,-0.12185,-0.01736,0.074119,0.18058,-0.25556,-0.27964,-0.15157,-0.35158,-0.21437,-0.22353,-0.24824,-0.63841,-0.25789,-0.30633,0.27571,-0.069097,-0.15366,-0.25253,-0.22642,-0.15688,-0.2773,-0.1576,0.017512,-0.27952,-0.17045,-0.134,-0.22128,-0.16498,-0.16138,-0.24881,-0.46521,-0.4395,-0.85458,0.32709,-0.12279,0.28827,0.022696,0.2677,0.27222
"NCIH2228",0.071958,0.022733,-0.018178,0.056055,0.029657,-0.11492,0.061362,0.063254,-0.024192,-0.037206,0.078395,-0.082238,0.24024,0.068844,-0.15439,-0.1101,-0.14507,-0.19142,-0.095945,-0.14881,-0.21273,-0.44437,-0.2089,-0.20924,0.20886,-0.19762,-0.12268,-0.15103,0.1274,0.27529,0.10514,0.10772,-0.0073638,0.068626,-0.068445,-0.053564,-0.021756,-0.0081653,-0.0097739,0.12428,0.023258,-0.24576,-0.39724,0.11646,0.034181,0.31986,-0.1282,0.052243,0.12966
"NCIH226",-0.15356,0.20058,-0.28199,0.065609,-0.076455,0.1397,-0.41317,-0.19777,0.14094,0.18803,0.10364,-0.027185,-0.4443,-0.1158,0.15258,0.16325,0.23019,0.20102,0.10537,0.11026,0.19618,0.11374,0.21797,0.36207,-0.1883,0.19833,0.13259,0.22032,-0.30989,0.10613,-0.17265,-0.037093,0.15661,-0.20305,-0.06335,-0.031559,-0.0096716,-0.054274,-0.05097,0.29603,-0.0662,0.18996,0.19851,-0.27417,-0.21273,-0.10922,0.14793,-0.16474,0.017235
"NCIH2286",-0.64019,-0.46837,-0.38956,0.21355,-0.52704,-0.21415,-0.059625,0.12505,-0.098766,-0.27319,-0.1805,-0.060125,0.34319,0.024803,-0.3487,-0.27306,-0.23185,-0.19505,-0.22592,-0.1822,-0.30219,-0.25464,-0.20084,-0.40016,0.35796,-0.22302,-0.20756,-0.42983,-0.43926,-0.35777,-0.63684,-0.53357,0.32965,-0.89998,-0.16774,-0.12947,-0.36483,-0.32735,-0.32231,-0.036513,-0.66106,-0.28998,-0.32715,0.18758,-0.27467,0.16708,-0.2199,0.12421,-0.19936
"NCIH2291",0.091783,0.14716,0.016412,0.020461,0.082947,0.19386,-0.10809,-0.061008,0.018397,-0.011491,0.14491,0.14471,-0.030774,-0.049449,0.15614,0.013676,-0.025703,0.059588,0.085898,-0.018942,-0.01214,0.29967,0.032774,0.037506,0.015299,-0.046741,0.046612,0.24977,0.1606,0.047639,0.010126,0.20984,-0.026133,-0.029483,-0.11199,-0.07507,-0.071189,-0.093306,-0.09951,-0.16517,0.33573,0.12409,0.022739,-0.17686,0.02788,-0.019282,0.010202,-0.12594,-0.26432
"NCIH23",0.033533,-0.063365,0.044404,0.11666,0.013873,-0.020518,-0.174,0.043571,-0.033976,-0.056545,0.06417,0.035754,-0.030445,-0.013305,-0.071484,-0.097933,-0.14867,0.034811,0.010586,0.015745,-0.039761,0.07044,0.11903,-0.025826,0.069969,-0.1195,-0.10053,0.036688,-0.13482,-0.2138,-0.018657,-0.19217,-0.22153,0.06899,-0.10083,-0.087775,-0.071435,-0.096433,-0.097915,0.15596,-0.11635,-0.09645,-0.076833,0.086072,0.15278,-0.16123,-0.072017,0.13685,0.24344
"NCIH2342",-0.11761,-0.19284,-0.4017,0.28797,-0.14552,-0.064414,-0.58325,0.03437,-0.068603,-0.1847,0.1964,0.38865,0.2006,0.3991,-0.15729,-0.10796,-0.067122,-0.00075699,-0.086577,-0.2661,-0.03286,-0.078829,-0.13139,-0.28005,0.094479,-0.17193,-0.38663,0.010139,-0.19037,-0.076109,-0.1991,0.0099638,-0.045624,-0.1479,-0.14747,-0.11192,-0.35653,-0.18878,-0.18842,-0.20698,-0.16287,-0.1352,0.2154,-0.046585,-0.45867,0.73766,-0.09092,-0.032289,0.33503
"NCIH2347",-0.25902,-0.32282,-0.32858,0.1358,-0.16112,0.04004,-0.0497,0.21807,-0.12944,-0.28471,-0.026743,0.11968,0.16511,0.1594,0.080673,-0.31746,-0.25387,-0.17459,-0.1648,-0.090685,-0.30373,-0.15616,-0.01908,-0.2186,0.30397,-0.095101,-0.079235,-0.15732,-0.18126,-0.13156,-0.20063,-0.071598,-0.0046177,-0.16308,-0.068205,-0.062015,-0.12487,-0.070406,-0.072682,0.083312,-0.39314,-0.4247,-0.43683,0.24154,0.097782,-0.11608,-0.030204,0.18885,0.16668
"NCIH2444",0.20725,0.042525,0.14908,0.081748,0.13011,-0.031922,-0.016755,0.092191,-0.03417,-0.11278,-0.020778,0.072651,0.12474,0.2697,0.085991,-0.1016,-0.023455,0.014392,0.082144,0.060196,0.036412,-0.12899,-0.030399,0.076336,-0.050787,0.10617,-0.033408,-0.036567,-0.068272,0.076036,0.22168,0.25408,0.091657,0.25688,-0.037616,-0.027488,-0.10979,-0.050157,-0.05023,-0.089174,0.12361,0.028715,-0.058956,0.053443,0.07331,0.46134,0.075437,0.069783,0.16937
"NCIH292",0.08793,-0.036688,0.24132,-0.073834,0.086786,-0.071424,0.015098,0.066656,-0.09836,-0.17802,-0.079587,-0.029716,-0.14293,-0.0019206,-0.0037124,-0.024893,-0.037814,-0.055678,-0.036877,0.067675,-0.032708,0.084474,-0.014544,-0.055092,-0.0043181,0.24398,0.17782,-0.21717,-0.19778,-0.099001,0.17219,-0.12024,-0.17943,0.157,-0.014201,-0.023713,-0.044352,-0.010362,-0.0050494,-0.086389,-0.15231,-0.12479,-0.20659,0.27102,0.27935,0.29652,0.16719,0.19783,0.073178
"NCIH322M",0.12407,0.056772,0.11834,-0.10649,0.11363,-0.047571,0.24191,-0.14124,0.12162,0.26506,-0.077709,-0.25017,-0.019693,-0.11964,-0.18186,0.083316,0.067449,-0.17072,-0.061738,-0.080143,0.027213,-0.19023,-0.13238,0.11656,-0.035859,-0.019886,0.081305,-0.01699,0.085135,0.38556,0.059043,0.097654,0.31992,0.0020982,0.058638,0.073109,0.06476,0.018128,0.017117,-0.1069,0.18212,-0.11482,0.050591,0.016251,-0.015948,-0.30466,-0.065568,-0.10355,0.050068
"NCIH3255",0.07373,-0.017895,0.24332,-0.25759,0.14712,0.049298,0.15372,0.027106,-0.10473,-0.18033,0.018566,0.044912,-0.044573,-0.0032771,0.11135,-0.02264,-0.043462,0.17857,0.097917,0.12685,-0.031074,0.05314,0.14549,0.15224,-0.016013,-0.11501,0.030332,0.058742,0.16194,-0.074055,0.19534,0.1564,-0.012637,0.32733,0.028354,0.017767,0.058101,0.06769,0.062634,-0.085322,0.1126,0.03154,-0.048371,-0.017716,0.054694,-0.22346,0.031858,-0.17393,-0.009311
"NCIH345",-0.34357,-0.28648,-0.12095,0.24335,-0.37043,-0.042545,-0.22583,0.24953,-0.1613,-0.34552,-0.17919,0.021913,NA,0.22195,-0.2854,-0.22901,-0.43499,-0.47575,-0.51093,-0.48607,-0.29456,-0.19059,-0.35154,NA,0.45899,NA,NA,NA,-0.20805,-0.53812,-0.44019,-0.52307,-0.37773,-0.43331,-0.34395,-0.28145,-0.36598,-0.36262,-0.3579,-0.090348,-0.39199,-0.018407,0.34841,0.64464,0.16448,0.63528,NA,0.2968,0.33176
"NCIH358",0.045462,-0.10576,0.1625,-0.082142,0.114,0.025214,0.26341,0.13539,-0.12882,-0.29276,-0.03897,0.089714,0.22316,0.12599,-0.0043423,-0.049115,-0.066861,-0.011845,-0.0013154,-0.00015506,-0.04905,-0.03935,-0.010652,-0.086396,0.064245,-0.01704,-0.0079843,-0.12038,0.34322,-0.034138,0.14895,0.069654,-0.11538,0.28349,0.057209,0.030896,0.011326,0.045349,0.042454,0.084689,0.065746,-0.050271,-0.11129,0.082444,0.031363,0.16503,-0.023948,0.09147,0.10586
"NCIH441",0.30392,0.31344,0.4592,-0.2683,0.27346,0.15113,0.45678,-0.26666,0.10965,0.20582,0.040875,0.078883,-0.068095,-0.082264,-0.14759,0.094744,0.079691,0.068608,0.09689,0.084885,0.12767,0.37029,-0.047958,0.11385,-0.26547,0.06145,0.12996,0.15112,0.47683,0.15828,0.37974,0.45964,0.00020912,0.57807,0.14819,0.11363,0.16333,0.12304,0.11802,-0.26638,0.39638,0.39122,0.40917,-0.14698,0.2069,0.18245,-0.055668,-0.20235,-0.084888
"NCIH446",0.0053387,-0.02168,0.053699,0.089015,0.074664,-0.092416,0.043778,-0.053247,-0.017935,-0.033119,0.12685,0.092724,-0.0087504,-0.013117,-0.075463,0.069136,0.10739,0.093051,0.045059,0.055235,-0.050967,0.14647,0.079126,0.037377,-0.14279,-0.11381,-0.16384,0.0011219,-0.13334,0.09597,0.173,0.1713,0.051749,0.21021,0.076445,0.062378,0.0738,0.073957,0.074152,0.11099,-0.04063,-0.036555,0.050475,-0.12466,-0.23824,0.042111,-0.040774,-0.15162,0.18842
"NCIH460",0.1642,0.17021,0.21104,-0.10932,0.050661,-0.095199,0.27839,-0.26327,0.30326,0.58969,0.078655,-0.064027,-0.07748,-0.14776,0.23013,0.19881,0.13192,0.032813,0.062012,0.034183,0.12871,-0.0056255,0.10533,0.18447,-0.18697,0.029736,0.14206,0.34356,0.25178,0.43225,-0.10619,0.1909,0.069114,-0.17501,0.14003,0.11109,0.14927,0.11501,0.11161,0.0092989,0.35709,-0.18021,0.047464,-0.37081,0.17256,-0.19711,0.010079,-0.30273,-0.38415
"NCIH460DNP53",-0.081507,0.057859,-0.066874,0.044084,-0.13337,-0.18383,0.20792,-0.21466,0.23326,0.41082,0.073837,-0.065997,-0.085249,-0.023444,0.13756,0.19499,0.1599,-0.054555,0.0051036,0.00035404,0.028791,0.010978,-0.023787,0.03612,-0.063739,-0.066318,-0.056152,0.21198,0.64625,0.37087,-0.32096,0.082773,-0.018212,-0.56898,0.14598,0.10711,0.17386,0.14718,0.14948,0.082303,0.014615,-0.16954,0.091578,-0.28929,-0.0011044,0.13791,-0.016679,-0.20242,0.11828
"NCIH510",-0.17048,-0.085521,-0.22747,-0.0060366,-0.079336,-0.0092531,0.0124,0.16703,-0.15764,-0.22425,0.094834,-0.059976,0.13061,0.0092746,-0.24448,-0.093883,-0.031345,-0.11169,-0.15465,-0.10186,-0.21097,-0.13552,-0.19092,-0.28658,0.26156,-0.17952,-0.26209,-0.24408,-0.14122,-0.18214,-0.14134,-0.14901,-0.091674,-0.2084,-0.070508,-0.050083,-0.029739,-0.031213,-0.029622,0.30785,-0.23745,-0.10892,-0.14062,0.044564,-0.13779,0.094147,-0.16653,0.17337,-0.093766
"NCIH520",-0.071912,-0.11422,-0.1322,0.028733,-0.033731,-0.07086,-0.081864,0.014409,-0.0089732,-0.14361,-0.07784,-0.071549,0.041836,0.017726,-0.12538,0.063746,0.056329,-0.13277,0.026296,-0.023266,-0.069652,0.016238,-0.052463,0.0075835,-0.11095,0.035273,0.10735,-0.13696,0.19309,0.16781,-0.067408,-0.18618,-0.069183,-0.15295,0.048458,0.038946,0.054262,0.042823,0.038485,0.091537,-0.038561,-0.01966,0.27008,-0.05037,0.051277,-0.14159,0.012622,0.22788,-0.0080603
"NCIH522",0.11789,-0.23473,0.040326,-0.02661,0.073084,-0.056815,0.16343,0.099871,-0.094748,-0.049664,0.040692,0.023453,0.24417,0.051261,-0.31372,-0.19949,-0.21073,-0.13171,-0.21225,-0.16564,-0.15716,-0.20171,-0.056819,-0.31386,0.10945,-0.32332,-0.33741,-0.23178,-0.0097513,-0.33239,0.1815,-0.1661,0.0051048,0.31946,-0.026171,-0.036494,-0.06235,-0.051442,-0.048814,0.22978,-0.25712,-0.0083887,-0.30033,0.057004,0.18165,0.15273,-0.333,0.10427,-0.065651
"NCIH526",-0.041427,-0.010308,-0.09823,-0.15653,0.056786,0.1249,0.07368,-0.08761,0.07563,0.31767,0.60499,0.16886,-0.34202,-0.13473,0.087275,0.20984,0.12248,0.1266,0.10383,0.13197,0.24648,0.40702,0.14818,0.46504,-0.34909,0.1802,0.16174,0.21417,0.28946,0.13381,-0.099512,0.18027,0.2783,0.17647,0.13736,0.11842,0.15153,0.14791,0.15117,0.28833,0.092352,0.31733,0.34576,-0.48188,-0.55326,-0.39913,0.12171,-0.49249,-0.26217
"NCIH596",-0.15272,-0.29008,-0.34671,0.19875,-0.0272,0.11376,-0.082992,0.086589,-0.1266,-0.19332,0.14086,0.12052,-0.034132,0.022721,-0.065468,-0.12358,-0.15071,0.0060651,-0.082871,0.032452,-0.072851,0.014381,0.00080628,0.049783,0.17579,0.021339,-0.12388,-0.25155,-0.32949,-0.13373,-0.044818,-0.14971,-0.44308,0.016645,-0.12948,-0.10661,-0.090088,-0.095665,-0.091568,0.066815,-0.46708,-0.15522,-0.12743,0.081332,0.073498,NA,0.072887,0.25254,0.53408
"NCIH647",0.055383,-0.26217,-0.10934,0.051283,-0.017779,-0.030228,0.0093762,0.079967,-0.092084,-0.27094,-0.14455,-0.12383,0.082785,0.027156,-0.19222,-0.099939,-0.039843,-0.22904,-0.052555,-0.05313,-0.12599,-0.26901,-0.14678,-0.0678,0.20467,0.038553,0.10529,-0.32415,-0.10604,0.29044,-0.06961,0.010509,-0.1309,-0.22207,-0.098791,-0.066477,-0.040263,-0.065773,-0.070696,-0.074563,-0.18644,-0.25827,-0.13233,0.33547,0.26897,0.046486,0.04144,0.23359,0.032223
"NCIH661",0.095171,-0.20554,-0.21714,0.14487,0.17739,0.12814,-0.47709,-0.0228,-0.036926,0.037546,0.042482,0.036931,-0.15668,0.05226,0.23494,0.12166,0.1016,0.19164,0.15753,0.067145,0.040884,-0.0039449,0.42374,0.054702,-0.11081,-0.041281,-0.05564,0.0075975,-0.15742,-0.070684,0.20564,0.085107,-0.014873,0.34147,-0.076041,-0.062158,-0.038869,-0.016408,-0.012483,0.079755,-0.11233,0.024605,-0.37591,-0.35225,-0.016351,0.17989,0.081542,0.038335,-0.019551
"NCIH727",0.17777,0.15035,0.069602,0.075794,0.18554,-0.053342,0.15983,-0.07954,0.021116,0.11014,0.096684,-0.011242,-0.0037412,-0.067859,0.057372,0.043727,0.117,0.13896,0.099688,0.12864,-0.0048063,0.051024,-0.009617,0.34303,0.03865,-0.034985,-0.050158,0.22303,0.037676,0.054578,0.17828,0.31847,0.17839,0.50491,0.0067544,0.0099579,0.040534,0.0024227,0.0031712,0.16711,0.10798,0.13419,-0.12368,-0.19777,0.020089,-0.14533,0.022056,-0.10153,0.027682
"NCIH810",-0.23617,-0.02621,-0.16306,0.10072,-0.12447,-0.098141,-0.29307,0.13024,-0.091847,-0.067022,0.057907,-0.0055177,0.037771,-0.0016078,0.061261,0.13191,0.072558,0.12588,0.073497,0.023894,0.06373,0.34529,0.14745,-0.078354,0.054814,-0.035904,-0.1523,-0.087565,0.038316,-0.14266,-0.21411,-0.32478,-0.22724,-0.12952,0.042541,0.029153,0.051435,0.049045,0.04549,-0.23543,-0.33689,0.13371,0.071207,0.0044931,-0.21446,0.039873,0.078912,0.12136,-0.15525
"NCIH82",-0.31302,-0.3138,-0.42508,0.47836,-0.20973,-0.075858,-0.4815,0.1794,-0.21025,-0.26526,0.22399,0.23171,0.005981,0.23116,-0.29462,-0.25925,-0.21725,-0.17514,-0.26447,-0.35632,-0.24406,-0.43001,-0.27629,-0.5316,0.28261,-0.43793,-0.5079,-0.28305,-0.13055,-0.42128,-0.29031,-0.39155,0.24965,-0.38577,0.15511,0.12831,0.15734,0.1979,0.20366,0.29079,-0.49029,-0.15923,-0.22322,-0.20071,-0.7404,0.45096,-0.27574,0.088143,0.7328
"NCIH838",0.10557,-0.14183,0.13362,-0.062475,0.075997,-0.042167,-0.028061,0.10334,-0.096971,-0.3354,-0.16577,-0.091732,0.22796,0.074683,-0.1551,0.025246,-0.10428,-0.086706,-0.050079,-0.092144,-0.10495,-0.13991,-0.15173,-0.19611,0.087594,-0.059233,-0.020213,-0.25804,-0.33624,0.11703,0.09972,-0.12579,-0.127,0.13266,-0.096427,-0.084896,-0.11618,-0.098862,-0.1022,0.041568,0.10463,0.067131,0.22545,0.39771,0.12533,0.10035,-0.11177,0.21082,0.043145
"OVCAR3",0.19978,0.15749,0.24196,-0.21644,0.20344,0.10604,0.55347,-0.12592,0.026146,0.11644,0.026204,-0.084383,-0.14221,-0.15309,0.12634,0.078861,0.10066,0.1407,0.11338,0.18793,0.097996,0.081421,0.094572,0.33492,-0.25437,0.17498,0.20638,0.07868,-0.23013,0.0056769,0.30349,0.2542,0.30585,0.52175,0.25512,0.1879,0.23805,0.18533,0.17886,0.27728,0.16789,0.17994,-0.073558,-0.10826,-0.064294,-0.21925,0.1267,-0.2494,-0.096612
"OVCAR4",0.020494,0.18271,-0.1506,0.30746,0.022083,-0.11366,-0.41469,0.10634,-0.05903,-0.050667,-0.053079,-0.090662,-0.16057,0.030813,0.07372,-0.17267,-0.024272,0.049602,0.0099809,-0.019073,-0.061421,-0.1252,-0.044844,-0.03568,-0.0035265,-0.048059,-0.23863,-0.06012,-0.32844,-0.14088,0.24985,-0.12909,-0.00053129,0.085072,0.084437,0.054395,0.01223,-0.019799,0.00090476,-0.054883,0.19724,0.035602,0.07915,0.16307,-0.027497,0.1385,-0.00099225,0.059266,0.5526
"OVCAR5",-0.19752,-0.43411,-0.28376,0.30338,-0.094415,-0.028719,-0.39338,0.16787,-0.14158,-0.2984,0.0060287,-0.07511,0.13267,0.11119,-0.24196,-0.3213,-0.31719,-0.28774,-0.22531,-0.27537,-0.33715,-0.48288,-0.1826,-0.27968,0.36924,-0.16625,-0.28781,-0.26565,-0.25415,-0.25478,-0.13335,-0.22335,-0.29319,-0.17919,-0.13102,-0.12005,-0.16783,-0.16539,-0.1619,0.32761,-0.32553,-0.3955,-0.42029,0.33528,0.1038,0.031318,-0.17439,0.28839,0.11848
"OVCAR8",-0.16478,-0.23987,-0.19704,0.094379,-0.15103,0.090366,-0.18232,0.19762,-0.13837,-0.35564,-0.10875,-0.082459,0.30352,0.046028,-0.025673,-0.16803,-0.13547,-0.092856,-0.068766,0.03611,-0.1704,-0.14827,-0.019149,-0.018653,0.31437,0.034307,-0.00039253,-0.20612,-0.2561,-0.23181,-0.23296,-0.30189,-0.069604,-0.29365,-0.22474,-0.17693,-0.245,-0.23739,-0.23982,-0.06907,-0.21013,-0.25695,-0.30824,0.39357,0.37874,0.37549,0.0079463,0.30185,0.032963
"PANC0327",0.11261,-0.021072,0.26637,0.072222,0.18486,-0.13601,0.15064,-0.018411,-0.046349,-0.09367,-0.13649,0.12397,0.27643,0.075563,-0.2128,-0.0079941,0.01995,-0.055173,-0.048194,-0.039413,-0.14182,0.0064209,-0.082515,-0.11281,0.047007,-0.27089,-0.32186,-0.10434,-0.20323,-0.11146,0.34524,0.040957,-0.080529,0.36572,-0.1073,-0.083407,-0.086745,-0.095753,-0.09029,-0.19198,-0.077503,-0.068776,-0.098121,0.025368,0.029431,0.049356,-0.20177,-0.029696,0.079375
"PANC0403",0.089678,0.11082,0.056452,-0.092581,0.095453,0.096158,0.19392,-0.042096,0.022554,-0.017142,0.0090507,-0.038121,0.15314,-0.044743,-0.15818,0.023515,0.023395,0.0089544,-0.0090313,-0.02543,0.0050572,0.036853,-0.088269,0.070007,0.034341,-0.082145,-0.07177,0.037404,0.058684,0.088652,0.070272,0.054712,-0.1668,0.15316,0.072251,0.056623,0.085559,0.063825,0.064406,-0.044381,0.076105,0.051501,0.10501,0.016291,-0.090576,0.090742,-0.053332,0.0060875,0.061904
"PANC0813",0.094459,0.23146,0.073362,-0.080441,0.076266,0.18698,0.0068425,-0.14284,0.071583,0.16875,0.091204,-0.062847,-0.067232,-0.060087,0.020221,0.085171,0.1118,0.071861,0.031332,0.072294,0.0062389,0.059491,0.076281,-0.0053336,-0.054032,0.10831,-0.04799,0.035034,-0.35598,0.17774,0.043842,0.17081,0.0031469,0.1441,-0.054149,-0.02922,0.013303,-0.015501,-0.013573,0.16804,0.1474,-0.058067,-0.027365,-0.22953,-0.097361,-0.032542,0.037477,-0.071402,-0.092016
"PANC1",0.15549,-0.010175,-0.028979,0.071209,0.021668,-0.18246,-0.19554,-0.0035258,0.10863,0.27209,0.11171,0.083179,-0.070693,0.003098,-0.22287,0.10335,0.029708,0.037105,-0.062982,-0.097887,0.058591,-0.040809,0.052408,-0.052497,-0.029473,-0.07778,-0.19045,0.10006,0.13189,-0.23591,0.19692,0.082293,-0.0030759,0.33032,0.066629,0.046491,0.046887,0.050892,0.052483,0.0019024,-0.21942,0.028727,0.030674,-0.13796,0.066417,0.083717,-0.11915,0.018427,-0.075775
"PC14PE6",0.079697,0.15753,0.056255,-0.02388,0.13322,-0.1664,0.32098,-0.16694,0.092923,0.29518,0.0028495,0.023056,-0.098458,-0.089516,-0.17284,0.17266,0.20161,0.052757,-0.017795,-0.051578,0.085055,0.1283,-0.041709,0.07575,-0.085256,0.056113,-0.12426,0.16986,0.34976,0.15838,0.17467,0.23297,0.1766,0.14336,-0.0078399,0.0106,-0.018986,-0.003232,-0.0081678,-0.12504,0.10711,0.032909,0.074338,-0.25967,-0.38142,-0.018427,-0.053073,-0.29695,-0.022883
"PC3",-0.32891,-0.0091977,-0.22325,0.10518,-0.11659,0.069206,-0.12659,0.11391,-0.12857,-0.25339,-0.13776,-0.018291,0.086997,0.083293,-0.0026358,-0.051605,0.14997,0.041072,0.010964,0.004131,-0.14902,-0.018214,-0.033105,0.01277,0.12197,-0.013468,-0.014752,-0.15759,-0.18233,-0.015709,-0.062844,-0.065333,-0.2122,-0.11191,-0.0020642,-0.018707,-0.026788,-0.015379,-0.008934,-0.0071328,-0.15133,-0.091797,-0.19628,0.14586,0.22956,0.056012,0.042398,0.15325,0.10351
"PC9",0.15112,0.11883,0.37316,-0.10374,0.11093,-0.1347,0.23028,-0.13764,0.13704,0.095312,-0.23352,-0.30074,0.1713,-0.081165,0.093082,0.020571,0.079656,-0.013908,0.065664,0.06554,-0.070303,-0.10621,-0.072279,0.14505,0.11029,0.046708,0.04301,0.19629,-0.035905,0.19045,0.24171,0.10127,0.32768,0.22167,0.0073411,0.02523,-0.015173,-0.041698,-0.049039,-0.26617,0.25543,-0.19267,-0.04265,0.032612,-0.0061588,-0.21663,0.020174,-0.13934,0.041448
"RERFLCA1",-0.19211,-0.3352,-0.31788,0.12341,-0.19901,0.30243,-0.6132,0.3171,-0.18536,-0.41418,-0.18408,-0.1475,0.23147,-0.01566,-0.11821,-0.19136,-0.21034,-0.17859,-0.21043,-0.18335,-0.15279,0.072002,-0.04586,-0.20651,0.29011,-0.030312,-0.21133,-0.38376,-0.073435,-0.45608,-0.35279,-0.41225,0.12931,-0.22429,-0.25059,-0.19805,-0.3479,-0.32791,-0.32551,-0.2181,-0.25094,-0.0054932,-0.20057,0.55736,0.13973,-0.16677,-0.12079,0.30677,0.1302
"RERFLCSQ1",0.10819,-0.19901,0.1401,-0.16493,0.11366,0.005261,0.19103,-0.037097,-0.023216,-0.0418,0.12328,-0.03021,0.12461,0.0088066,-0.50975,0.055745,-0.066322,-0.23868,-0.10251,-0.092122,-0.10292,-0.25376,-0.26856,-0.093061,0.088049,-0.039932,0.052964,-0.28004,0.12572,0.40157,0.035299,0.041474,-0.25678,0.026694,0.056417,0.040316,0.074892,0.03701,0.039292,-0.020914,0.04391,-0.050036,0.00067822,0.13714,0.16883,-0.091469,-0.10038,-0.066627,0.16143
"RPMI8226",-0.38867,-0.37985,-0.3037,0.21683,-0.22168,-0.10448,-0.19928,0.19979,-0.083207,-0.044512,-0.0060212,0.0042767,0.16276,0.31543,-0.4801,-0.070067,-0.090711,-0.21668,-0.23229,-0.24775,-0.091047,-0.14396,-0.20445,-0.42207,0.23002,-0.25103,-0.39386,-0.40532,0.047272,-0.062746,-0.40246,-0.32777,-0.38766,-0.50806,-0.22099,-0.19329,-0.32726,-0.24424,-0.24242,0.041957,-0.42708,0.0025104,0.0047293,-0.027064,-0.35874,0.56882,-0.28874,0.336,0.34879
"RT4",0.37658,0.42021,0.53197,-0.32566,0.19296,0.084049,0.6249,-0.28817,0.38499,0.8652,0.076639,-0.076009,-0.0051131,-0.17219,-0.046277,0.25546,0.27042,0.10907,0.14217,0.15922,0.40734,-0.0094933,-0.044703,0.3974,-0.29387,0.03492,-0.016873,0.25468,-0.014221,0.29876,0.26525,0.58428,0.06499,0.43967,0.11992,0.12024,0.19225,0.12374,0.1146,-0.010213,0.40975,0.57099,0.58144,-0.55989,0.023925,-0.31029,-0.019878,-0.36424,-0.07955
"RXF393",0.10993,-0.17054,-0.009147,0.022692,0.060347,0.39948,-0.16149,0.070669,-0.11684,-0.28857,-0.23461,-0.13006,0.18031,-0.00069848,0.045664,-0.19383,-0.21191,0.05121,-0.061332,0.033957,-0.013343,0.091407,0.062809,-0.066648,0.10398,-0.028486,-0.080481,-0.10639,-0.26511,-0.2189,-0.098108,-0.12795,-0.19334,0.12382,-0.17235,-0.14054,-0.29775,-0.27074,-0.26998,0.071642,-0.12759,0.13745,0.11651,0.31638,0.20716,0.32881,-0.033606,0.22636,0.14444
"SBC5",0.055859,0.15271,-0.063153,-0.035644,0.013356,0.090828,-0.11314,-0.014015,-0.012608,0.075727,-0.11331,-0.03762,-0.038055,-0.085505,0.17887,0.14344,0.098958,0.14707,0.13358,0.162,0.058642,0.1846,0.26896,0.22731,-0.042519,0.11189,0.15996,0.14839,-0.29112,0.037615,0.0025973,-0.062221,0.091314,0.012671,0.14617,0.10575,0.18206,0.14915,0.14809,-0.012252,0.10444,-0.067044,0.12329,-0.13188,-0.12677,-0.13416,0.07759,0.08211,-0.29607
"SCABER",0.089044,-0.13104,0.065323,-0.058072,-0.053965,0.077366,0.12155,0.023999,-0.031641,-0.19751,-0.04387,-0.1651,0.14357,-0.042678,-0.048963,-0.06061,-0.096591,-0.13588,-0.0058784,0.019828,-0.0054849,-0.20344,-0.087607,-0.040216,0.16946,0.16031,0.23192,-0.095868,-0.28292,0.14532,-0.020393,-0.12426,0.34775,0.0060543,-0.18168,-0.12026,-0.16519,-0.17554,-0.18122,-0.35195,0.038524,-0.15882,-0.22313,0.35172,-0.0096452,-0.17296,0.11546,0.019216,-0.14438
"SF268",-0.03451,-0.15299,-0.10203,-0.015325,0.036141,0.17988,-0.17203,0.13869,-0.10672,-0.25691,-0.033068,0.13024,0.022276,0.028254,0.042631,-0.098155,-0.10333,0.02191,-0.00036529,0.041806,-0.12721,-0.22015,0.058283,-0.075483,0.15821,-0.047143,-0.041299,-0.093163,-0.42036,0.026122,-0.11028,-0.13955,-0.17262,-0.071154,-0.11288,-0.10598,-0.129,-0.107,-0.10997,-0.00026993,-0.10385,-0.20917,-0.15569,0.25154,0.35289,-0.15416,0.024776,0.14191,-0.013831
"SF295",-0.14259,-0.13157,-0.14216,0.11091,-0.14732,0.0024252,-0.27783,0.1108,-0.059961,-0.18823,-0.096343,-0.057084,0.11108,0.041061,0.071763,0.048105,0.022484,-0.073485,-0.044254,0.0055207,-0.07187,-0.12006,-0.073054,-0.035318,0.19429,0.046617,0.021544,-0.068376,-0.080647,0.14687,-0.29878,-0.18481,0.080624,-0.36605,-0.1029,-0.077564,-0.11714,-0.10854,-0.11387,-0.27533,-0.061087,-0.12878,-0.21667,0.16396,-0.22937,-0.13023,0.1106,0.075312,-0.17255
"SF539",-0.11234,-0.35641,-0.21061,0.078679,-0.12396,-0.012409,-0.22115,0.19938,-0.16688,-0.40891,-0.091133,-0.051159,0.20352,0.17188,-0.18535,-0.21414,-0.23551,-0.19147,-0.13778,-0.11871,-0.29169,-0.34049,-0.094918,-0.2206,0.30003,-0.11094,-0.15624,-0.1662,-0.41109,-0.24011,-0.12968,-0.19252,-0.12474,-0.21085,-0.19553,-0.16423,-0.27265,-0.23487,-0.2364,0.087014,-0.23302,-0.30461,-0.38194,0.45335,0.36442,0.22509,-0.07008,0.41223,-0.064919
"SHP77",0.11152,0.33569,0.055962,-0.22199,0.11564,0.12112,0.15561,-0.075241,0.15548,0.33755,-0.068847,-0.14262,-0.17392,-0.1279,0.21778,0.27809,0.20891,0.21527,0.136,0.16442,0.27677,0.47092,0.19494,0.28257,-0.20496,0.15574,0.22325,0.26424,0.39522,0.15298,0.13302,0.3207,0.14288,0.34712,-0.015367,-0.0011838,0.044393,-0.014132,-0.014877,-0.14432,0.23641,0.31251,0.25085,-0.2185,-0.13636,-0.23141,0.10867,-0.051001,-0.53778
"SKLU1",-0.29287,-0.31632,-0.38417,0.16454,-0.23342,0.15352,-0.12793,0.13328,-0.072637,-0.23291,0.079652,-0.16678,0.10629,0.086811,0.082098,-0.23807,-0.16164,-0.0982,-0.04123,-0.057072,-0.18469,-0.34388,-0.082765,-0.13129,0.07751,-0.031445,0.0028614,-0.14498,-0.02517,-0.12736,-0.47474,-0.31689,-0.092085,-0.60988,-0.13985,-0.12007,-0.15322,-0.090056,-0.095839,0.39988,-0.32234,-0.4682,-0.23293,0.3065,0.39342,0.027967,0.038777,0.27551,-0.12331
"SKMEL2",0.02187,0.11511,0.10006,-0.0729,-0.056699,0.10194,-0.097301,-0.15437,0.1224,0.31744,-0.30378,-0.098083,-0.14378,-0.11769,-0.067562,0.063295,0.088571,0.071071,0.0049169,0.070709,0.064849,-0.08475,0.027403,0.1369,-0.079306,0.1232,0.050089,0.19033,0.21207,0.05005,0.049546,0.083134,0.4307,-0.14703,0.16754,0.13578,0.15394,0.14176,0.13725,-0.065537,0.07963,-0.035036,-0.077349,-0.31862,-0.15162,0.19767,0.0060431,-0.18686,-0.72049
"SKMEL5",-0.45013,-0.30593,-0.052431,0.059334,-0.32683,-0.058167,-0.024185,0.16462,-0.19472,-0.26698,-0.22859,0.12157,0.056247,-0.0021315,-0.21715,-0.1379,0.012409,-0.045672,-0.14947,-0.00017113,-0.24031,-0.21341,-0.19979,-0.19135,-0.0086273,-0.16052,-0.18268,-0.3296,-0.060377,-0.20646,-0.28203,-0.072687,0.34697,-0.56853,0.11094,0.088497,0.096334,0.10369,0.098829,0.19854,-0.57447,-0.21336,-0.12187,-0.12395,-0.050868,0.0091259,-0.065118,0.062403,0.16044
"SKMES1",0.053174,-0.099322,0.021469,0.15961,0.032159,0.078007,0.17747,-0.0072156,0.012944,-0.12259,-0.175,-0.1945,0.24208,0.024689,-0.26499,-0.087274,-0.090158,-0.25978,-0.20461,-0.19635,-0.18027,-0.080013,-0.19208,-0.12538,0.1647,-0.37656,-0.15789,-0.2567,0.037106,0.39947,-0.13015,0.13185,-0.10863,-0.17255,-0.17941,-0.13657,-0.14634,-0.093933,-0.096483,-0.18083,0.17976,-0.11984,-0.30308,0.34765,0.1434,0.17872,-0.33454,0.11045,0.088685
"SKOV3",-0.19435,-0.43096,-0.3054,0.25144,-0.070294,0.029715,-0.17295,0.21174,-0.1825,-0.49143,-0.07835,-0.04995,0.099846,0.13074,0.0018885,-0.26137,-0.22558,-0.22547,-0.21436,-0.26221,-0.25453,-0.3463,-0.17941,-0.28532,0.19119,-0.1326,-0.30853,-0.40364,-0.90978,-0.095904,-0.12157,-0.18636,0.18392,-0.077329,-0.17788,-0.14372,-0.30119,-0.25392,-0.25292,-0.17641,-0.44782,-0.32076,-0.39182,0.43552,0.34332,0.13724,-0.17196,0.14307,0.12292
"SN12C",-0.080412,0.019623,0.063258,-0.064548,0.001207,0.011217,-0.010256,0.054764,-0.11525,-0.20302,0.0014779,-0.055603,-0.096138,-0.028425,0.36375,-0.03247,-0.089554,0.065507,0.06813,0.011369,-0.15973,0.12966,0.052783,-0.11841,-0.0061927,-0.10566,-0.17869,-0.092482,0.22003,-0.22359,-0.095057,-0.13605,-0.13729,-0.054831,-0.061223,-0.060664,-0.057804,-0.074551,-0.073537,0.0031742,0.18358,-0.092295,-0.096061,0.18332,0.23826,0.026296,0.0055152,-0.0061846,-0.066151
"SNB75",0.10962,-0.042806,-0.0031804,-0.029867,0.029383,-0.019561,0.02942,0.085409,-0.064904,-0.20984,-0.13366,-0.027214,0.18406,0.012918,0.07235,-0.083491,-0.071477,-0.042569,-0.015682,0.022035,-0.052667,-0.097017,-0.010105,-0.1422,0.16984,0.0088356,-0.03113,-0.010504,0.051505,0.044491,0.051027,-0.056015,0.11055,-0.072639,-0.017048,-0.01556,-0.01341,-0.015104,-0.01573,-0.018079,0.06009,-0.052721,-0.15869,0.24096,0.15972,-0.030658,0.030708,0.13938,0.063982
"SR8714",-0.35016,-0.61122,-0.29635,0.64097,-0.3726,-0.093455,-0.56367,0.22454,-0.17879,-0.31571,0.75842,0.06622,0.31367,0.25011,-0.63133,-0.32983,-0.40954,-0.55537,-0.55137,-0.56597,-0.3517,-0.58131,-0.57062,-0.64503,0.5074,-0.58057,-0.57496,-0.7817,-0.47403,-0.57116,-0.40555,-0.38705,0.5946,-0.51124,0.10556,0.10074,0.15524,0.17501,0.17771,0.37361,-0.59414,-0.30365,-0.492,-0.15687,-0.84782,0.066551,-0.47639,-0.028392,0.56569
"SU8686",0.174,0.089587,0.017663,0.034617,0.09033,0.038592,-0.048167,-0.04664,-0.015854,-0.068051,-0.055502,-0.034198,-0.037624,0.0060012,0.097543,-0.026585,-0.049081,0.050298,0.04053,0.017093,0.0036395,0.017891,0.015763,0.010355,0.010165,-0.021081,0.13915,0.070011,-0.10404,0.14404,-0.052147,0.21878,-0.049977,0.077565,-0.13311,-0.092569,-0.17894,-0.15357,-0.15094,-0.15269,0.19322,-0.081453,-0.13194,0.091534,0.038048,0.28379,0.037707,-0.11089,-0.0020892
"SUM149PT",0.13775,0.014522,0.10065,-0.11764,0.12408,0.084294,0.065364,0.041059,-0.051668,-0.15266,-0.072415,-0.025184,0.029815,-0.02268,0.10063,-0.10873,-0.092571,0.02746,0.030603,0.042032,-0.065178,-0.14526,0.05259,-0.048182,0.011566,-0.0087685,0.028827,-0.0011792,-0.22777,0.10254,0.098216,-0.036486,-0.25608,0.043649,-0.11413,-0.099115,-0.16661,-0.1358,-0.13352,-0.10801,0.1319,-0.10259,-0.012949,0.25226,0.19959,0.065901,0.055119,0.095686,-0.019225
"SW156",0.27791,0.11475,0.27169,-0.18017,0.22506,0.20264,0.30597,-0.1908,0.21038,0.36086,-0.1347,-0.088048,0.13408,-0.040716,-0.08891,0.080018,-0.021264,0.035069,-0.065474,-0.020374,0.037344,-0.053403,-0.057464,0.03896,-0.015403,-0.20206,-0.14392,0.34964,0.74447,0.19656,0.21234,0.086043,0.098586,0.29843,0.017348,0.01891,-0.01968,-0.016038,-0.010915,-0.16014,0.30445,0.061235,0.23274,-0.22543,0.1095,0.12643,-0.18205,-0.071229,0.071757
"SW1573",0.10497,0.40135,0.093463,-0.051142,0.051985,-0.11034,-0.068893,-0.09824,0.23778,0.414,-0.0080642,-0.014846,-0.066466,-0.021375,0.17799,0.12706,0.13533,0.12878,0.10062,-0.0049311,0.20819,0.020726,0.067764,-0.039618,-0.0039798,-0.11737,0.07158,0.4878,0.6139,-0.13331,0.19982,0.14523,0.12832,-0.021155,0.18872,0.14405,0.1779,0.18348,0.18515,0.14045,0.39079,0.15964,0.35326,-0.23148,-0.12177,-0.12913,-0.047189,0.10595,-0.38608
"SW620",0.2683,0.55386,0.24723,-0.15984,0.19453,-0.32399,0.1321,-0.22124,0.24012,0.48497,-0.19423,-0.18598,-0.090859,-0.099558,0.28731,0.25445,0.28202,0.34579,0.22376,0.16918,0.29613,0.35346,0.24191,0.40345,-0.17816,0.15184,0.27032,0.47048,0.39439,0.27316,0.38576,0.23119,-0.1387,0.30166,-0.039925,-0.0081759,0.0048917,-0.057837,-0.061068,-0.062896,0.51713,0.30331,0.17021,-0.44204,0.033895,-0.21213,0.18192,-0.32493,-0.50799
"SW780",-0.057127,-0.096867,-0.10074,-0.040123,-0.070595,0.14456,0.09886,0.078135,-0.097266,-0.18623,-0.22208,-0.12368,0.12829,-0.022485,-0.098533,0.086401,0.0222,-0.12992,-0.087768,0.0073546,-0.052437,-0.13747,-0.094779,-0.049812,0.1951,0.1064,0.19187,-0.24609,-0.20468,0.05801,-0.25697,-0.041516,0.21982,-0.19026,0.055531,0.041756,0.0010044,0.028798,0.026974,-0.12458,-0.1052,-0.070062,-0.1521,0.005109,-0.10075,0.0010739,0.09964,0.17738,-0.11727
"SW900",-0.13677,-0.187,-0.21435,0.057451,-0.021216,0.091489,-0.27469,0.15127,-0.13576,-0.29639,-0.11605,-0.02026,0.28523,0.046599,-0.058919,-0.20553,-0.15378,-0.11675,-0.072019,-0.094617,-0.22182,-0.25009,-0.078987,-0.040612,0.26118,-0.083166,0.0097449,-0.14996,0.0081805,-0.20115,-0.12908,-0.12375,-0.0076778,-0.10769,-0.071662,-0.065734,-0.11361,-0.080761,-0.079697,0.17902,-0.1925,-0.22142,-0.34015,0.27509,0.078539,-0.095628,0.04527,0.16949,0.11303
"T24",-0.15803,0.059758,-0.03699,0.10397,-0.11409,-0.10994,-0.054662,0.082037,-0.098772,-0.15993,0.011295,0.14894,0.012944,0.093746,-0.039375,0.082805,0.042766,0.14187,0.057827,0.039991,0.043193,0.1401,0.035245,-0.15923,-0.018967,0.083303,0.031823,-0.12233,-0.33233,-0.29581,-0.21319,-0.2536,-0.1965,-0.15255,0.041084,0.0066214,0.0097217,0.046624,0.051007,0.20023,-0.15925,0.04616,0.22057,-0.010056,-0.11415,0.51854,0.033398,-0.01033,0.10075
"T47D",-0.16772,0.51168,-0.38507,0.11344,-0.18454,-0.28512,-0.31726,-0.016402,0.12965,0.29446,0.20667,0.13429,-0.031667,-0.030828,-0.0032902,0.15685,0.11094,0.13364,0.033435,-0.01697,0.33478,0.21544,-0.0080986,0.027706,0.017158,0.064134,0.046657,0.34398,0.41443,-0.10795,-0.3356,-0.073369,0.17449,-0.39681,0.11319,0.086103,0.25637,0.23688,0.24011,0.07273,0.37702,0.54284,0.55173,-0.30732,-0.52072,0.029787,0.029415,0.017196,-0.41056
"UACC257",-0.2231,-0.20211,0.46099,-0.087345,-0.0072597,-0.10319,0.25424,0.040354,-0.083204,-0.11981,-0.18918,-0.038435,-0.19012,0.0024203,-0.28253,0.038253,0.10185,-0.10776,-0.05618,0.06237,-0.10502,-0.26342,-0.2016,-0.093343,-0.26329,0.028553,-0.24817,-0.1747,-0.21382,0.053009,0.1787,0.15267,-0.080039,0.20648,0.14273,0.10522,0.17918,0.19035,0.18614,0.11469,-0.20512,-0.16602,-0.38347,-0.2359,-0.24528,0.19047,-0.0011559,-0.028986,0.11945
"UACC62",0.0091917,-0.14551,0.011354,-0.083581,0.10251,-0.12063,0.05832,0.083674,-0.11601,-0.15423,-0.29609,-0.096719,0.12126,-0.031952,-0.11399,-0.11205,-0.069708,0.081178,-0.00051857,0.097209,-0.072273,0.097231,0.14087,0.083031,0.03553,0.029304,-0.03729,-0.08534,-0.13338,-0.25646,0.34639,0.052819,0.055137,0.18412,0.040842,0.031093,0.060272,0.081136,0.086372,0.19454,-0.2057,0.10612,-0.064328,-0.03149,0.14127,-0.19167,-0.03854,0.13716,0.080961
"UMC11",0.010662,0.19323,0.10892,-0.22293,0.026152,-0.17777,0.21,-0.10758,0.093156,0.17928,0.2441,-0.03692,-0.15012,-0.10209,0.011456,0.18285,0.18413,-0.11712,0.087903,0.050734,0.22517,0.34926,-0.090729,0.24427,-0.1342,0.0011353,0.22615,-0.093172,0.66049,0.30307,-0.034738,-0.0053777,0.22872,-0.24751,0.030082,0.046799,0.10031,0.078642,0.072935,0.38128,0.36419,0.59932,0.64139,-0.21495,-0.22621,0.12709,0.030952,-0.11293,-0.36792
"UMUC3",0.074705,0.057797,0.20724,-0.14605,-0.013516,0.062124,0.11222,0.0034012,0.050499,0.132,-0.0009441,-0.0018798,0.19,0.021881,0.12793,0.17612,0.047039,0.15533,0.037215,-0.031163,0.11679,0.20128,0.15303,-0.13902,-0.0035133,-0.17726,-0.032814,0.044491,-0.045452,-0.053856,-0.086556,-0.11061,-0.12392,-0.0022196,0.10555,0.072645,0.13987,0.12054,0.11963,0.14631,0.051471,0.13713,0.55957,-0.06825,-0.056054,-0.076732,-0.12601,0.0041401,-0.0065063
"UO31",-0.044054,-0.34786,-0.21154,0.077721,-0.019236,0.080611,-0.21538,0.20371,-0.16371,-0.44879,-0.17228,-0.14324,0.26546,0.11027,-0.048131,-0.18576,-0.22973,-0.20528,-0.14047,-0.10561,-0.2832,-0.21676,-0.091903,-0.15206,0.21486,-0.043205,-0.065095,-0.17084,-0.14367,-0.2405,-0.099792,-0.2558,-0.1173,-0.15017,-0.15375,-0.13104,-0.20121,-0.16952,-0.16974,0.10992,-0.1614,-0.27376,-0.33166,0.51791,0.34446,0.24511,-0.12324,0.22766,0.21678
"VMCUB1",-0.050129,0.039817,0.060261,-0.029624,0.0088031,-0.29846,-0.02856,0.012798,-0.057517,-0.075706,-0.075912,-0.11644,-0.20185,-0.0019654,0.1187,0.089762,-0.016856,-0.014057,0.041776,0.077414,0.035452,-0.017392,0.006422,0.14139,-0.04922,0.31898,0.31403,-0.12975,-0.33708,-0.056812,0.17337,-0.086981,0.012784,0.18262,0.10624,0.074562,0.10449,0.085552,0.08626,0.018009,0.037908,-0.13347,-0.13916,0.098993,-0.032114,-0.056873,0.25922,-0.067492,-0.24135
